team_name,team_id,rank,wins,losses,ties,winning_pct,games_back,points_for,points_against,streak_direction,streak_count,streak,fptsf,games_played,points_per_game,total_points,weeks_played,recent_wins,recent_losses,recent_draws,raw_power_score,power_score,date,prev_rank,rank_change,movement,movement_class
Washington Nationals,ehzxdg4jm1v4p5l8,1,3.0,0.0,0.0,1.0,0.0,0.0,0.0,,0.0,,1692.999,3.0,0.0,1692.999,1.0,3.0,0.0,0.0,4825.04715,186.83895348050748,2025-04-08,,,,
New York Mets,monh30qcm1v4p5kv,2,3.0,0.0,0.0,1.0,0.0,0.0,0.0,,0.0,,1680.999,3.0,0.0,1680.999,1.0,3.0,0.0,0.0,4765.886349155268,184.5480863090025,2025-04-08,,,,
Pittsburgh Pirates,sg2jbz0hm1v4p5jg,3,3.0,0.0,0.0,1.0,0.0,0.0,0.0,,0.0,,1647.0,3.0,0.0,1647.0,1.0,3.0,0.0,0.0,4600.204203444919,178.13242284446486,2025-04-08,,,,
Philadelphia Phillies,jd30wae7m1v4p5kx,7,2.0,1.0,0.0,0.667,1.0,0.0,0.0,,0.0,,1645.5,3.0,0.0,1645.5,1.0,2.6666666666666665,0.3333333333333333,0.0,4422.850728278145,171.26481374839807,2025-04-08,,,,
Detroit Tigers,kt446rcmm1v4p5kl,8,2.0,1.0,0.0,0.667,1.0,0.0,0.0,,0.0,,1593.0,3.0,0.0,1593.0,1.0,2.333333333333333,0.6666666666666666,0.0,4021.235450248305,155.71317748120046,2025-04-08,,,,
Saint Louis Cardinals,b4x9xipcm1v4p5jr,4,3.0,0.0,0.0,1.0,0.0,0.0,0.0,,0.0,,1451.001,3.0,0.0,1451.001,1.0,3.0,0.0,0.0,3700.853328463481,143.30711004035876,2025-04-08,,,,
New York Yankees,dmg9ghi5m1v4p5ks,9,2.0,1.0,0.0,0.667,1.0,0.0,0.0,,0.0,,1497.999,3.0,0.0,1497.999,1.0,2.0,1.0,0.0,3473.636200009899,134.50864462160877,2025-04-08,,,,
Kansas City Royals,4x4mvc6dm1v4p5l6,5,3.0,0.0,0.0,1.0,0.0,0.0,0.0,,0.0,,1307.499,3.0,0.0,1307.499,1.0,3.0,0.0,0.0,3102.6724117099207,120.1439174323351,2025-04-08,,,,
Athletics,z3ky5hvtm1v4p5ki,15,1.0,2.0,0.0,0.333,2.0,0.0,0.0,,0.0,,1356.501,3.0,0.0,1356.501,1.0,1.6666666666666667,1.3333333333333333,0.0,2812.137413384809,108.89361181894334,2025-04-08,,,,
San Francisco Giants,znstv9a5m1v4p5kn,6,3.0,0.0,0.0,1.0,0.0,0.0,0.0,,0.0,,1232.499,3.0,0.0,1232.499,1.0,3.0,0.0,0.0,2810.316723386019,108.82310974851563,2025-04-08,,,,
Houston Astros,7gg40es7m1v4p5kz,12,2.0,1.0,0.0,0.667,1.0,0.0,0.0,,0.0,,1320.999,3.0,0.0,1320.999,1.0,2.0,1.0,0.0,2806.022060662256,108.65680872307183,2025-04-08,,,,
Los Angeles Dodgers,tagycdjcm1v4p5k0,10,2.0,1.0,0.0,0.667,1.0,0.0,0.0,,0.0,,1314.999,3.0,0.0,1314.999,1.0,2.0,1.0,0.0,2784.598774460081,107.82724079353818,2025-04-08,,,,
San Diego Padres,wack5o0am1v4p5l4,11,2.0,1.0,0.0,0.667,1.0,0.0,0.0,,0.0,,1284.501,3.0,0.0,1284.501,1.0,2.0,1.0,0.0,2676.928538516111,103.65795631208589,2025-04-08,,,,
Chicago Cubs,lilsyvqwm1v4p5jx,16,1.0,2.0,0.0,0.333,2.0,0.0,0.0,,0.0,,1320.501,3.0,0.0,1320.501,1.0,1.3333333333333333,1.6666666666666667,0.0,2570.5541713110383,99.53885139396152,2025-04-08,,,,
Milwaukee Brewers,6de7t3h9m1v4p5kq,13,2.0,1.0,0.0,0.667,1.0,0.0,0.0,,0.0,,1218.999,3.0,0.0,1218.999,1.0,2.0,1.0,0.0,2452.596517444028,94.97121010085452,2025-04-08,,,,
Seattle Mariners,32fwt0gmm1v4p5ko,14,2.0,1.0,0.0,0.667,1.0,0.0,0.0,,0.0,,1158.501,3.0,0.0,1158.501,1.0,2.0,1.0,0.0,2253.7865939845897,87.27274894888397,2025-04-08,,,,
Atlanta Braves,wizqs8gnm1v4p5ke,18,1.0,2.0,0.0,0.333,2.0,0.0,0.0,,0.0,,1248.0,3.0,0.0,1248.0,1.0,1.0,2.0,0.0,2231.9107620728914,86.42565721820581,2025-04-08,,,,
Chicago White Sox,gsio81ctm1v4p5l1,17,1.0,2.0,0.0,0.333,2.0,0.0,0.0,,0.0,,1244.001,3.0,0.0,1244.001,1.0,1.0,2.0,0.0,2219.9711740360663,85.9633238845743,2025-04-08,,,,
Tampa Bay Rays,pwtodho1m1v4p5jo,20,1.0,2.0,0.0,0.333,2.0,0.0,0.0,,0.0,,1203.999,3.0,0.0,1203.999,1.0,1.0,2.0,0.0,2102.233451088912,81.40419891506507,2025-04-08,,,,
Los Angeles Angels,g3nhee5cm1v4p5kc,19,1.0,2.0,0.0,0.333,2.0,0.0,0.0,,0.0,,1194.0,3.0,0.0,1194.0,1.0,1.0,2.0,0.0,2073.2846075794823,80.28322093130117,2025-04-08,,,,
Cleveland Guardians,zy1884f2m1v4p5kf,26,0.0,3.0,0.0,0.0,3.0,0.0,0.0,,0.0,,1162.5,3.0,0.0,1162.5,1.0,0.6666666666666666,2.333333333333333,0.0,1888.899739046268,73.14333715329774,2025-04-08,,,,
Miami Marlins,nmu8k3gwm1v4p5l9,21,1.0,2.0,0.0,0.333,2.0,0.0,0.0,,0.0,,1093.5,3.0,0.0,1093.5,1.0,1.0,2.0,0.0,1793.0074691475145,69.43012756222598,2025-04-08,,,,
Minnesota Twins,coh694qjm1v4p5l2,22,1.0,2.0,0.0,0.333,2.0,0.0,0.0,,0.0,,1093.5,3.0,0.0,1093.5,1.0,1.0,2.0,0.0,1793.0074691475145,69.43012756222598,2025-04-08,,,,
Boston Red Sox,jduxxziam1v4p5ka,24,1.0,2.0,0.0,0.333,2.0,0.0,0.0,,0.0,,1083.501,3.0,0.0,1083.501,1.0,1.0,2.0,0.0,1766.185345349854,68.39150195201209,2025-04-08,,,,
Baltimore Orioles,60yl9oudm1v4p5jl,25,1.0,2.0,0.0,0.333,2.0,0.0,0.0,,0.0,,1040.499,3.0,0.0,1040.499,1.0,1.0,2.0,0.0,1653.026815535959,64.00969579954352,2025-04-08,,,,
Arizona Diamondbacks,clca1u5cm1v4p5jj,23,1.0,2.0,0.0,0.333,2.0,0.0,0.0,,0.0,,1005.999,3.0,0.0,1005.999,1.0,1.0,2.0,0.0,1564.8143959669037,60.593870908326494,2025-04-08,,,,
Toronto Blue Jays,ojs3x49om1v4p5ju,27,0.0,3.0,0.0,0.0,3.0,0.0,0.0,,0.0,,1044.999,3.0,0.0,1044.999,1.0,0.3333333333333333,2.6666666666666665,0.0,1506.1586703576909,58.32256162413327,2025-04-08,,,,
Colorado Rockies,u0uu1r4km1v4p5kj,28,0.0,3.0,0.0,0.0,3.0,0.0,0.0,,0.0,,915.0,3.0,0.0,915.0,1.0,0.0,3.0,0.0,1151.2558652719804,44.57975940312063,2025-04-08,,,,
Texas Rangers,5gstajehm1v4p5ku,29,0.0,3.0,0.0,0.0,3.0,0.0,0.0,,0.0,,863.001,3.0,0.0,863.001,1.0,0.0,3.0,0.0,1048.8115467654386,40.612836663352994,2025-04-08,,,,
Cincinnati Reds,snk0mmh6m1v4p5k4,30,0.0,3.0,0.0,0.0,3.0,0.0,0.0,,0.0,,602.001,3.0,0.0,602.001,1.0,0.0,3.0,0.0,602.001,23.311116624884995,2025-04-08,,,,
Washington Nationals,ehzxdg4jm1v4p5l8,1,3.0,0.0,0.0,1.0,0.0,0.0,0.0,,0.0,,1692.999,3.0,0.0,1692.999,1.0,3.0,0.0,0.0,4825.04715,186.9188317788391,2025-04-09,,,,
New York Mets,monh30qcm1v4p5kv,3,3.0,0.0,0.0,1.0,0.0,0.0,0.0,,0.0,,1680.999,3.0,0.0,1680.999,1.0,3.0,0.0,0.0,4765.886349155268,184.6269852046563,2025-04-09,,,,
Pittsburgh Pirates,sg2jbz0hm1v4p5jg,2,3.0,0.0,0.0,1.0,0.0,0.0,0.0,,0.0,,1647.0,3.0,0.0,1647.0,1.0,3.0,0.0,0.0,4600.204203444919,178.20857888446315,2025-04-09,,,,
Philadelphia Phillies,jd30wae7m1v4p5kx,7,2.0,1.0,0.0,0.667,1.0,0.0,0.0,,0.0,,1645.5,3.0,0.0,1645.5,1.0,2.6666666666666665,0.3333333333333333,0.0,4422.850728278145,171.33803371474585,2025-04-09,,,,
Detroit Tigers,kt446rcmm1v4p5kl,8,2.0,1.0,0.0,0.667,1.0,0.0,0.0,,0.0,,1593.0,3.0,0.0,1593.0,1.0,2.333333333333333,0.6666666666666666,0.0,4021.235450248305,155.77974873635526,2025-04-09,,,,
Saint Louis Cardinals,b4x9xipcm1v4p5jr,4,3.0,0.0,0.0,1.0,0.0,0.0,0.0,,0.0,,1451.001,3.0,0.0,1451.001,1.0,3.0,0.0,0.0,3700.853328463481,143.36837739320785,2025-04-09,,,,
New York Yankees,dmg9ghi5m1v4p5ks,9,2.0,1.0,0.0,0.667,1.0,0.0,0.0,,0.0,,1497.999,3.0,0.0,1497.999,1.0,2.0,1.0,0.0,3473.636200009899,134.566150411719,2025-04-09,,,,
Kansas City Royals,4x4mvc6dm1v4p5l6,5,3.0,0.0,0.0,1.0,0.0,0.0,0.0,,0.0,,1307.499,3.0,0.0,1307.499,1.0,3.0,0.0,0.0,3102.6724117099207,120.19528194439542,2025-04-09,,,,
San Francisco Giants,znstv9a5m1v4p5kn,6,3.0,0.0,0.0,1.0,0.0,0.0,0.0,,0.0,,1232.499,3.0,0.0,1232.499,1.0,3.0,0.0,0.0,2810.316723386019,108.86963433380116,2025-04-09,,,,
Houston Astros,7gg40es7m1v4p5kz,11,2.0,1.0,0.0,0.667,1.0,0.0,0.0,,0.0,,1320.999,3.0,0.0,1320.999,1.0,2.0,1.0,0.0,2806.022060662256,108.70326221053396,2025-04-09,,,,
Los Angeles Dodgers,tagycdjcm1v4p5k0,10,2.0,1.0,0.0,0.667,1.0,0.0,0.0,,0.0,,1314.999,3.0,0.0,1314.999,1.0,2.0,1.0,0.0,2784.598774460081,107.87333962008336,2025-04-09,,,,
San Diego Padres,wack5o0am1v4p5l4,13,2.0,1.0,0.0,0.667,1.0,0.0,0.0,,0.0,,1284.501,3.0,0.0,1284.501,1.0,2.0,1.0,0.0,2676.928538516111,103.70227266584668,2025-04-09,,,,
Chicago Cubs,lilsyvqwm1v4p5jx,16,1.0,2.0,0.0,0.333,2.0,0.0,0.0,,0.0,,1320.501,3.0,0.0,1320.501,1.0,1.3333333333333333,1.6666666666666667,0.0,2570.5541713110383,99.58140672794896,2025-04-09,,,,
Athletics,z3ky5hvtm1v4p5ki,17,1.0,2.0,0.0,0.333,2.0,0.0,0.0,,0.0,,1356.501,3.0,0.0,1356.501,1.0,1.0,2.0,0.0,2567.6037252643914,99.4671085851286,2025-04-09,,,,
Milwaukee Brewers,6de7t3h9m1v4p5kq,12,2.0,1.0,0.0,0.667,1.0,0.0,0.0,,0.0,,1218.999,3.0,0.0,1218.999,1.0,2.0,1.0,0.0,2452.596517444028,95.01181265461555,2025-04-09,,,,
Chicago White Sox,gsio81ctm1v4p5l1,15,1.0,2.0,0.0,0.333,2.0,0.0,0.0,,0.0,,1244.001,3.0,0.0,1244.001,1.0,1.6666666666666667,1.3333333333333333,0.0,2431.397000134739,94.19055870899815,2025-04-09,,,,
Seattle Mariners,32fwt0gmm1v4p5ko,14,2.0,1.0,0.0,0.667,1.0,0.0,0.0,,0.0,,1158.501,3.0,0.0,1158.501,1.0,2.0,1.0,0.0,2253.7865939845897,87.31006021908163,2025-04-09,,,,
Atlanta Braves,wizqs8gnm1v4p5ke,18,1.0,2.0,0.0,0.333,2.0,0.0,0.0,,0.0,,1248.0,3.0,0.0,1248.0,1.0,1.0,2.0,0.0,2231.9107620728914,86.46260633562581,2025-04-09,,,,
Tampa Bay Rays,pwtodho1m1v4p5jo,20,1.0,2.0,0.0,0.333,2.0,0.0,0.0,,0.0,,1203.999,3.0,0.0,1203.999,1.0,1.0,2.0,0.0,2102.233451088912,81.43900123420276,2025-04-09,,,,
Los Angeles Angels,g3nhee5cm1v4p5kc,19,1.0,2.0,0.0,0.333,2.0,0.0,0.0,,0.0,,1194.0,3.0,0.0,1194.0,1.0,1.0,2.0,0.0,2073.2846075794823,80.3175440044779,2025-04-09,,,,
Cleveland Guardians,zy1884f2m1v4p5kf,26,0.0,3.0,0.0,0.0,3.0,0.0,0.0,,0.0,,1162.5,3.0,0.0,1162.5,1.0,0.6666666666666666,2.333333333333333,0.0,1888.899739046268,73.17460774862737,2025-04-09,,,,
Minnesota Twins,coh694qjm1v4p5l2,22,1.0,2.0,0.0,0.333,2.0,0.0,0.0,,0.0,,1093.5,3.0,0.0,1093.5,1.0,1.0,2.0,0.0,1793.0074691475145,69.45981066812709,2025-04-09,,,,
Miami Marlins,nmu8k3gwm1v4p5l9,23,1.0,2.0,0.0,0.333,2.0,0.0,0.0,,0.0,,1093.5,3.0,0.0,1093.5,1.0,1.0,2.0,0.0,1793.0074691475145,69.45981066812709,2025-04-09,,,,
Boston Red Sox,jduxxziam1v4p5ka,25,1.0,2.0,0.0,0.333,2.0,0.0,0.0,,0.0,,1083.501,3.0,0.0,1083.501,1.0,1.0,2.0,0.0,1766.185345349854,68.42074101963959,2025-04-09,,,,
Baltimore Orioles,60yl9oudm1v4p5jl,24,1.0,2.0,0.0,0.333,2.0,0.0,0.0,,0.0,,1040.499,3.0,0.0,1040.499,1.0,1.0,2.0,0.0,1653.026815535959,64.03706153608799,2025-04-09,,,,
Arizona Diamondbacks,clca1u5cm1v4p5jj,21,1.0,2.0,0.0,0.333,2.0,0.0,0.0,,0.0,,1005.999,3.0,0.0,1005.999,1.0,1.0,2.0,0.0,1564.8143959669037,60.61977629479607,2025-04-09,,,,
Toronto Blue Jays,ojs3x49om1v4p5ju,27,0.0,3.0,0.0,0.0,3.0,0.0,0.0,,0.0,,1044.999,3.0,0.0,1044.999,1.0,0.3333333333333333,2.6666666666666665,0.0,1506.1586703576909,58.34749596940812,2025-04-09,,,,
Colorado Rockies,u0uu1r4km1v4p5kj,28,0.0,3.0,0.0,0.0,3.0,0.0,0.0,,0.0,,915.0,3.0,0.0,915.0,1.0,0.0,3.0,0.0,1151.2558652719804,44.59881835873357,2025-04-09,,,,
Texas Rangers,5gstajehm1v4p5ku,29,0.0,3.0,0.0,0.0,3.0,0.0,0.0,,0.0,,863.001,3.0,0.0,863.001,1.0,0.0,3.0,0.0,1048.8115467654386,40.63019966085783,2025-04-09,,,,
Cincinnati Reds,snk0mmh6m1v4p5k4,30,0.0,3.0,0.0,0.0,3.0,0.0,0.0,,0.0,,602.001,3.0,0.0,602.001,1.0,0.0,3.0,0.0,602.001,23.32108270686907,2025-04-09,,,,
Washington Nationals,ehzxdg4jm1v4p5l8,3,5.0,1.0,0.0,0.833,1.0,0.0,0.0,,0.0,,2748.999,6.0,0.0,2748.999,2.0,0.0,0.0,0.0,3699.259229325,185.34997267901213,2025-04-14,1.0,0.0,–,
Pittsburgh Pirates,sg2jbz0hm1v4p5jg,1,6.0,0.0,0.0,1.0,0.0,0.0,0.0,,0.0,,2603.499,6.0,0.0,2603.499,2.0,0.0,0.0,0.0,3556.828479905489,178.2135343066263,2025-04-14,2.0,0.0,–,
Detroit Tigers,kt446rcmm1v4p5kl,4,5.0,1.0,0.0,0.833,1.0,0.0,0.0,,0.0,,2478.501,6.0,0.0,2478.501,2.0,0.0,0.0,0.0,3079.2823902663204,154.28626963538562,2025-04-14,8.0,5.0,▲,trending-up
Philadelphia Phillies,jd30wae7m1v4p5kx,5,5.0,1.0,0.0,0.833,1.0,0.0,0.0,,0.0,,2440.5,6.0,0.0,2440.5,2.0,0.0,0.0,0.0,2996.660763497149,150.1465445404358,2025-04-14,7.0,3.0,▲,trending-up
Milwaukee Brewers,6de7t3h9m1v4p5kq,6,5.0,1.0,0.0,0.833,1.0,0.0,0.0,,0.0,,2370.999,6.0,0.0,2370.999,2.0,0.0,0.0,0.0,2848.40462573308,142.71822730702033,2025-04-14,12.0,7.0,▲,trending-up
New York Mets,monh30qcm1v4p5kv,8,4.0,2.0,0.0,0.667,2.0,0.0,0.0,,0.0,,2404.998,6.0,0.0,2404.998,2.0,0.0,0.0,0.0,2749.343534188128,137.7548090999756,2025-04-14,3.0,-3.0,▼,trending-down
Kansas City Royals,4x4mvc6dm1v4p5l6,2,6.0,0.0,0.0,1.0,0.0,0.0,0.0,,0.0,,2135.499,6.0,0.0,2135.499,2.0,0.0,0.0,0.0,2513.3835180996275,125.93212249595432,2025-04-14,5.0,-2.0,▼,trending-down
Saint Louis Cardinals,b4x9xipcm1v4p5jr,9,4.0,2.0,0.0,0.667,2.0,0.0,0.0,,0.0,,2238.501,6.0,0.0,2238.501,2.0,0.0,0.0,0.0,2425.045028964375,121.5059561927315,2025-04-14,4.0,-4.0,▼,trending-down
Los Angeles Dodgers,tagycdjcm1v4p5k0,7,5.0,1.0,0.0,0.833,1.0,0.0,0.0,,0.0,,2101.998,6.0,0.0,2101.998,2.0,0.0,0.0,0.0,2309.351143224321,115.70915817677827,2025-04-14,10.0,1.0,▲,trending-up
Chicago White Sox,gsio81ctm1v4p5l1,10,4.0,2.0,0.0,0.667,2.0,0.0,0.0,,0.0,,2174.001,6.0,0.0,2174.001,2.0,0.0,0.0,0.0,2304.768941056535,115.4795686849481,2025-04-14,15.0,5.0,▲,trending-up
New York Yankees,dmg9ghi5m1v4p5ks,19,2.0,4.0,0.0,0.333,4.0,0.0,0.0,,0.0,,2283.498,6.0,0.0,2283.498,2.0,0.0,0.0,0.0,2196.2950630099813,110.04452640055436,2025-04-14,9.0,-2.0,▼,trending-down
San Diego Padres,wack5o0am1v4p5l4,11,4.0,2.0,0.0,0.667,2.0,0.0,0.0,,0.0,,1995.0,6.0,0.0,1995.0,2.0,0.0,0.0,0.0,1986.644271456912,99.54005345676846,2025-04-14,13.0,1.0,▲,trending-up
Chicago Cubs,lilsyvqwm1v4p5jx,20,2.0,4.0,0.0,0.333,4.0,0.0,0.0,,0.0,,2136.0,6.0,0.0,2136.0,2.0,0.0,0.0,0.0,1955.3696099809704,97.97304847259252,2025-04-14,16.0,3.0,▲,trending-up
Houston Astros,7gg40es7m1v4p5kz,14,3.0,3.0,0.0,0.5,3.0,0.0,0.0,,0.0,,2014.5,6.0,0.0,2014.5,2.0,0.0,0.0,0.0,1893.684082091792,94.8823186263806,2025-04-14,11.0,-3.0,▼,trending-down
Miami Marlins,nmu8k3gwm1v4p5l9,12,4.0,2.0,0.0,0.667,2.0,0.0,0.0,,0.0,,1938.501,6.0,0.0,1938.501,2.0,0.0,0.0,0.0,1891.015419342435,94.74860629723058,2025-04-14,23.0,8.0,▲,trending-up
Tampa Bay Rays,pwtodho1m1v4p5jo,13,4.0,2.0,0.0,0.667,2.0,0.0,0.0,,0.0,,1903.5,6.0,0.0,1903.5,2.0,0.0,0.0,0.0,1832.924688559548,91.83799238886802,2025-04-14,20.0,4.0,▲,trending-up
Athletics,z3ky5hvtm1v4p5ki,24,1.0,5.0,0.0,0.167,5.0,0.0,0.0,,0.0,,2099.001,6.0,0.0,2099.001,2.0,0.0,0.0,0.0,1762.0981296312902,88.28925466910123,2025-04-14,17.0,0.0,–,
San Francisco Giants,znstv9a5m1v4p5kn,15,3.0,3.0,0.0,0.5,3.0,0.0,0.0,,0.0,,1905.999,6.0,0.0,1905.999,2.0,0.0,0.0,0.0,1722.0126116038618,86.28078507813298,2025-04-14,6.0,-12.0,▼,trending-down
Seattle Mariners,32fwt0gmm1v4p5ko,16,3.0,3.0,0.0,0.5,3.0,0.0,0.0,,0.0,,1845.501,6.0,0.0,1845.501,2.0,0.0,0.0,0.0,1629.7367977623276,81.65734062231343,2025-04-14,14.0,-5.0,▼,trending-down
Boston Red Sox,jduxxziam1v4p5ka,17,3.0,3.0,0.0,0.5,3.0,0.0,0.0,,0.0,,1823.502,6.0,0.0,1823.502,2.0,0.0,0.0,0.0,1596.7938463254202,80.00674660597818,2025-04-14,25.0,5.0,▲,trending-up
Baltimore Orioles,60yl9oudm1v4p5jl,18,3.0,3.0,0.0,0.5,3.0,0.0,0.0,,0.0,,1803.999,6.0,0.0,1803.999,2.0,0.0,0.0,0.0,1567.8613063005278,78.557092723753,2025-04-14,24.0,3.0,▲,trending-up
Toronto Blue Jays,ojs3x49om1v4p5ju,21,2.0,4.0,0.0,0.333,4.0,0.0,0.0,,0.0,,1863.0,6.0,0.0,1863.0,2.0,0.0,0.0,0.0,1545.5415657726248,77.43877063800821,2025-04-14,27.0,5.0,▲,trending-up
Los Angeles Angels,g3nhee5cm1v4p5kc,25,1.0,5.0,0.0,0.167,5.0,0.0,0.0,,0.0,,1934.499,6.0,0.0,1934.499,2.0,0.0,0.0,0.0,1531.0612745109456,76.71324116755093,2025-04-14,19.0,-4.0,▼,trending-down
Atlanta Braves,wizqs8gnm1v4p5ke,26,1.0,5.0,0.0,0.167,5.0,0.0,0.0,,0.0,,1929.0,6.0,0.0,1929.0,2.0,0.0,0.0,0.0,1523.6111542074648,76.33995573144011,2025-04-14,18.0,-6.0,▼,trending-down
Minnesota Twins,coh694qjm1v4p5l2,22,2.0,4.0,0.0,0.333,4.0,0.0,0.0,,0.0,,1743.501,6.0,0.0,1743.501,2.0,0.0,0.0,0.0,1380.8968378801746,69.1893093473007,2025-04-14,22.0,-3.0,▼,trending-down
Colorado Rockies,u0uu1r4km1v4p5kj,23,2.0,4.0,0.0,0.333,4.0,0.0,0.0,,0.0,,1711.5,6.0,0.0,1711.5,2.0,0.0,0.0,0.0,1338.3304872348378,67.05653858427472,2025-04-14,28.0,2.0,▲,trending-up
Cleveland Guardians,zy1884f2m1v4p5kf,28,0.0,6.0,0.0,0.0,6.0,0.0,0.0,,0.0,,1872.999,6.0,0.0,1872.999,2.0,0.0,0.0,0.0,1337.0983566474513,66.99480315116458,2025-04-14,26.0,-1.0,▼,trending-down
Arizona Diamondbacks,clca1u5cm1v4p5jj,27,1.0,5.0,0.0,0.167,5.0,0.0,0.0,,0.0,,1736.499,6.0,0.0,1736.499,2.0,0.0,0.0,0.0,1273.9396773675546,63.83026161642401,2025-04-14,21.0,-7.0,▼,trending-down
Texas Rangers,5gstajehm1v4p5ku,29,0.0,6.0,0.0,0.0,6.0,0.0,0.0,,0.0,,1468.002,6.0,0.0,1468.002,2.0,0.0,0.0,0.0,887.7260139712739,44.47917332520853,2025-04-14,29.0,0.0,–,
Cincinnati Reds,snk0mmh6m1v4p5k4,30,0.0,6.0,0.0,0.0,6.0,0.0,0.0,,0.0,,1079.502,6.0,0.0,1079.502,2.0,0.0,0.0,0.0,539.751,27.04401797808698,2025-04-14,30.0,0.0,–,
Washington Nationals,ehzxdg4jm1v4p5l8,1,8.0,1.0,0.0,0.889,0.0,0.0,0.0,,0.0,,3667.5,9.0,0.0,3667.5,3.0,0.0,0.0,0.0,3355.212375,177.6818708714902,2025-04-21,3.0,2.0,▲,trending-up
Pittsburgh Pirates,sg2jbz0hm1v4p5jg,3,7.0,2.0,0.0,0.778,1.0,0.0,0.0,,0.0,,3389.499,9.0,0.0,3389.499,3.0,0.0,0.0,0.0,2782.1742963078227,147.3355122739572,2025-04-21,1.0,-1.0,▼,trending-down
Philadelphia Phillies,jd30wae7m1v4p5kx,2,8.0,1.0,0.0,0.889,0.0,0.0,0.0,,0.0,,3305.001,9.0,0.0,3305.001,3.0,0.0,0.0,0.0,2759.702465678519,146.14547228189204,2025-04-21,5.0,2.0,▲,trending-up
Saint Louis Cardinals,b4x9xipcm1v4p5jr,4,7.0,2.0,0.0,0.778,1.0,0.0,0.0,,0.0,,3317.502,9.0,0.0,3317.502,3.0,0.0,0.0,0.0,2672.491103911188,141.52702307863711,2025-04-21,9.0,5.0,▲,trending-up
Detroit Tigers,kt446rcmm1v4p5kl,9,5.0,4.0,0.0,0.556,3.0,0.0,0.0,,0.0,,3380.001,9.0,0.0,3380.001,3.0,0.0,0.0,0.0,2546.411714764061,134.85024103380573,2025-04-21,4.0,-1.0,▼,trending-down
Chicago White Sox,gsio81ctm1v4p5l1,5,7.0,2.0,0.0,0.778,1.0,0.0,0.0,,0.0,,3191.502,9.0,0.0,3191.502,3.0,0.0,0.0,0.0,2485.821218958464,131.64155214961258,2025-04-21,10.0,4.0,▲,trending-up
New York Mets,monh30qcm1v4p5kv,10,5.0,4.0,0.0,0.556,3.0,0.0,0.0,,0.0,,3284.997,9.0,0.0,3284.997,3.0,0.0,0.0,0.0,2414.02245449064,127.8393073522458,2025-04-21,8.0,1.0,▲,trending-up
Milwaukee Brewers,6de7t3h9m1v4p5kq,7,6.0,3.0,0.0,0.667,2.0,0.0,0.0,,0.0,,3198.999,9.0,0.0,3198.999,3.0,0.0,0.0,0.0,2396.978171575764,126.93669382514288,2025-04-21,6.0,-2.0,▼,trending-down
New York Yankees,dmg9ghi5m1v4p5ks,11,5.0,4.0,0.0,0.556,3.0,0.0,0.0,,0.0,,3186.498,9.0,0.0,3186.498,3.0,0.0,0.0,0.0,2280.47699817568,120.76714503512008,2025-04-21,19.0,10.0,▲,trending-up
Kansas City Royals,4x4mvc6dm1v4p5l6,6,7.0,2.0,0.0,0.778,1.0,0.0,0.0,,0.0,,2953.5,9.0,0.0,2953.5,3.0,0.0,0.0,0.0,2151.5677797706885,113.94050381579028,2025-04-21,2.0,-8.0,▼,trending-down
Athletics,z3ky5hvtm1v4p5ki,16,4.0,5.0,0.0,0.444,4.0,0.0,0.0,,0.0,,3068.001,9.0,0.0,3068.001,3.0,0.0,0.0,0.0,2031.7220889589912,107.59383952771864,2025-04-21,24.0,13.0,▲,trending-up
Chicago Cubs,lilsyvqwm1v4p5jx,17,4.0,5.0,0.0,0.444,4.0,0.0,0.0,,0.0,,2983.5,9.0,0.0,2983.5,3.0,0.0,0.0,0.0,1928.788101198476,102.14276773928933,2025-04-21,20.0,8.0,▲,trending-up
Atlanta Braves,wizqs8gnm1v4p5ke,18,4.0,5.0,0.0,0.444,4.0,0.0,0.0,,0.0,,2981.001,9.0,0.0,2981.001,3.0,0.0,0.0,0.0,1925.7844812365984,101.98370513622136,2025-04-21,26.0,13.0,▲,trending-up
Los Angeles Dodgers,tagycdjcm1v4p5k0,12,5.0,4.0,0.0,0.556,3.0,0.0,0.0,,0.0,,2877.498,9.0,0.0,2877.498,3.0,0.0,0.0,0.0,1886.070256717108,99.8805602606802,2025-04-21,7.0,-7.0,▼,trending-down
Seattle Mariners,32fwt0gmm1v4p5ko,8,6.0,3.0,0.0,0.667,2.0,0.0,0.0,,0.0,,2718.0,9.0,0.0,2718.0,3.0,0.0,0.0,0.0,1770.7468940076208,93.77338475247916,2025-04-21,16.0,1.0,▲,trending-up
Tampa Bay Rays,pwtodho1m1v4p5jo,13,5.0,4.0,0.0,0.556,3.0,0.0,0.0,,0.0,,2747.001,9.0,0.0,2747.001,3.0,0.0,0.0,0.0,1730.680445048447,91.65158713892478,2025-04-21,13.0,-3.0,▼,trending-down
Miami Marlins,nmu8k3gwm1v4p5l9,14,5.0,4.0,0.0,0.556,3.0,0.0,0.0,,0.0,,2741.001,9.0,0.0,2741.001,3.0,0.0,0.0,0.0,1723.6955139534882,91.28168637374276,2025-04-21,12.0,-5.0,▼,trending-down
San Diego Padres,wack5o0am1v4p5l4,15,5.0,4.0,0.0,0.556,3.0,0.0,0.0,,0.0,,2725.5,9.0,0.0,2725.5,3.0,0.0,0.0,0.0,1705.714891001368,90.3294871182284,2025-04-21,11.0,-7.0,▼,trending-down
Los Angeles Angels,g3nhee5cm1v4p5kc,19,4.0,5.0,0.0,0.444,4.0,0.0,0.0,,0.0,,2787.498,9.0,0.0,2787.498,3.0,0.0,0.0,0.0,1700.2745155519,90.04138133532551,2025-04-21,25.0,6.0,▲,trending-up
Houston Astros,7gg40es7m1v4p5kz,22,3.0,6.0,0.0,0.333,5.0,0.0,0.0,,0.0,,2844.0,9.0,0.0,2844.0,3.0,0.0,0.0,0.0,1684.5329817703594,89.20775745102792,2025-04-21,14.0,-6.0,▼,trending-down
Cleveland Guardians,zy1884f2m1v4p5kf,23,3.0,6.0,0.0,0.333,5.0,0.0,0.0,,0.0,,2805.999,9.0,0.0,2805.999,3.0,0.0,0.0,0.0,1643.0586404234032,87.01140212681689,2025-04-21,28.0,7.0,▲,trending-up
Toronto Blue Jays,ojs3x49om1v4p5ju,20,4.0,5.0,0.0,0.444,4.0,0.0,0.0,,0.0,,2666.499,9.0,0.0,2666.499,3.0,0.0,0.0,0.0,1566.3519019349471,82.94924591142113,2025-04-21,21.0,-1.0,▼,trending-down
Baltimore Orioles,60yl9oudm1v4p5jl,21,4.0,5.0,0.0,0.444,4.0,0.0,0.0,,0.0,,2610.999,9.0,0.0,2610.999,3.0,0.0,0.0,0.0,1506.7492911564411,79.7928724219635,2025-04-21,18.0,-5.0,▼,trending-down
Colorado Rockies,u0uu1r4km1v4p5kj,27,2.0,7.0,0.0,0.222,6.0,0.0,0.0,,0.0,,2616.0,9.0,0.0,2616.0,3.0,0.0,0.0,0.0,1374.7242281166089,72.80122552126802,2025-04-21,23.0,-1.0,▼,trending-down
Boston Red Sox,jduxxziam1v4p5ka,24,3.0,6.0,0.0,0.333,5.0,0.0,0.0,,0.0,,2537.001,9.0,0.0,2537.001,3.0,0.0,0.0,0.0,1364.1623710781275,72.24190160709267,2025-04-21,17.0,-8.0,▼,trending-down
San Francisco Giants,znstv9a5m1v4p5kn,25,3.0,6.0,0.0,0.333,5.0,0.0,0.0,,0.0,,2478.999,9.0,0.0,2478.999,3.0,0.0,0.0,0.0,1307.399593811156,69.23591708706442,2025-04-21,15.0,-11.0,▼,trending-down
Minnesota Twins,coh694qjm1v4p5l2,26,3.0,6.0,0.0,0.333,5.0,0.0,0.0,,0.0,,2388.0,9.0,0.0,2388.0,3.0,0.0,0.0,0.0,1220.7564698052709,64.64756003216527,2025-04-21,22.0,-5.0,▼,trending-down
Texas Rangers,5gstajehm1v4p5ku,28,2.0,7.0,0.0,0.222,6.0,0.0,0.0,,0.0,,2302.503,9.0,0.0,2302.503,3.0,0.0,0.0,0.0,1087.6999034622834,57.60128784513016,2025-04-21,29.0,1.0,▲,trending-up
Arizona Diamondbacks,clca1u5cm1v4p5jj,29,1.0,8.0,0.0,0.111,7.0,0.0,0.0,,0.0,,2358.0,9.0,0.0,2358.0,3.0,0.0,0.0,0.0,1079.3318913078483,57.15814330198469,2025-04-21,27.0,-2.0,▼,trending-down
Cincinnati Reds,snk0mmh6m1v4p5k4,30,0.0,9.0,0.0,0.0,8.0,0.0,0.0,,0.0,,1700.001,9.0,0.0,1700.001,3.0,0.0,0.0,0.0,566.667,30.008965593760585,2025-04-21,30.0,0.0,–,
Washington Nationals,ehzxdg4jm1v4p5l8,1,8.0,1.0,0.0,0.889,0.0,0.0,0.0,,0.0,,3667.5,9.0,0.0,3667.5,3.0,0.0,0.0,0.0,3355.212375,177.6818708714902,2025-04-22,1.0,0.0,–,
Pittsburgh Pirates,sg2jbz0hm1v4p5jg,3,7.0,2.0,0.0,0.778,1.0,0.0,0.0,,0.0,,3389.499,9.0,0.0,3389.499,3.0,0.0,0.0,0.0,2782.1742963078227,147.3355122739572,2025-04-22,3.0,1.0,▲,trending-up
Philadelphia Phillies,jd30wae7m1v4p5kx,2,8.0,1.0,0.0,0.889,0.0,0.0,0.0,,0.0,,3305.001,9.0,0.0,3305.001,3.0,0.0,0.0,0.0,2759.702465678519,146.14547228189204,2025-04-22,2.0,-1.0,▼,trending-down
Saint Louis Cardinals,b4x9xipcm1v4p5jr,4,7.0,2.0,0.0,0.778,1.0,0.0,0.0,,0.0,,3317.502,9.0,0.0,3317.502,3.0,0.0,0.0,0.0,2672.491103911188,141.52702307863711,2025-04-22,4.0,0.0,–,
Detroit Tigers,kt446rcmm1v4p5kl,9,5.0,4.0,0.0,0.556,3.0,0.0,0.0,,0.0,,3380.001,9.0,0.0,3380.001,3.0,0.0,0.0,0.0,2546.411714764061,134.85024103380573,2025-04-22,9.0,4.0,▲,trending-up
Chicago White Sox,gsio81ctm1v4p5l1,5,7.0,2.0,0.0,0.778,1.0,0.0,0.0,,0.0,,3191.502,9.0,0.0,3191.502,3.0,0.0,0.0,0.0,2485.821218958464,131.64155214961258,2025-04-22,5.0,-1.0,▼,trending-down
New York Mets,monh30qcm1v4p5kv,10,5.0,4.0,0.0,0.556,3.0,0.0,0.0,,0.0,,3284.997,9.0,0.0,3284.997,3.0,0.0,0.0,0.0,2414.02245449064,127.8393073522458,2025-04-22,10.0,3.0,▲,trending-up
Milwaukee Brewers,6de7t3h9m1v4p5kq,7,6.0,3.0,0.0,0.667,2.0,0.0,0.0,,0.0,,3198.999,9.0,0.0,3198.999,3.0,0.0,0.0,0.0,2396.978171575764,126.93669382514288,2025-04-22,7.0,-1.0,▼,trending-down
New York Yankees,dmg9ghi5m1v4p5ks,11,5.0,4.0,0.0,0.556,3.0,0.0,0.0,,0.0,,3186.498,9.0,0.0,3186.498,3.0,0.0,0.0,0.0,2280.47699817568,120.76714503512008,2025-04-22,11.0,2.0,▲,trending-up
Kansas City Royals,4x4mvc6dm1v4p5l6,6,7.0,2.0,0.0,0.778,1.0,0.0,0.0,,0.0,,2953.5,9.0,0.0,2953.5,3.0,0.0,0.0,0.0,2151.5677797706885,113.94050381579028,2025-04-22,6.0,-4.0,▼,trending-down
Athletics,z3ky5hvtm1v4p5ki,16,4.0,5.0,0.0,0.444,4.0,0.0,0.0,,0.0,,3068.001,9.0,0.0,3068.001,3.0,0.0,0.0,0.0,2031.7220889589912,107.59383952771864,2025-04-22,16.0,5.0,▲,trending-up
Chicago Cubs,lilsyvqwm1v4p5jx,17,4.0,5.0,0.0,0.444,4.0,0.0,0.0,,0.0,,2983.5,9.0,0.0,2983.5,3.0,0.0,0.0,0.0,1928.788101198476,102.14276773928933,2025-04-22,17.0,5.0,▲,trending-up
Atlanta Braves,wizqs8gnm1v4p5ke,18,4.0,5.0,0.0,0.444,4.0,0.0,0.0,,0.0,,2981.001,9.0,0.0,2981.001,3.0,0.0,0.0,0.0,1925.7844812365984,101.98370513622136,2025-04-22,18.0,5.0,▲,trending-up
Los Angeles Dodgers,tagycdjcm1v4p5k0,12,5.0,4.0,0.0,0.556,3.0,0.0,0.0,,0.0,,2877.498,9.0,0.0,2877.498,3.0,0.0,0.0,0.0,1886.070256717108,99.8805602606802,2025-04-22,12.0,-2.0,▼,trending-down
Seattle Mariners,32fwt0gmm1v4p5ko,8,6.0,3.0,0.0,0.667,2.0,0.0,0.0,,0.0,,2718.0,9.0,0.0,2718.0,3.0,0.0,0.0,0.0,1770.7468940076208,93.77338475247916,2025-04-22,8.0,-7.0,▼,trending-down
Tampa Bay Rays,pwtodho1m1v4p5jo,14,5.0,4.0,0.0,0.556,3.0,0.0,0.0,,0.0,,2747.001,9.0,0.0,2747.001,3.0,0.0,0.0,0.0,1730.680445048447,91.65158713892478,2025-04-22,13.0,-3.0,▼,trending-down
Miami Marlins,nmu8k3gwm1v4p5l9,13,5.0,4.0,0.0,0.556,3.0,0.0,0.0,,0.0,,2741.001,9.0,0.0,2741.001,3.0,0.0,0.0,0.0,1723.6955139534882,91.28168637374276,2025-04-22,14.0,-3.0,▼,trending-down
San Diego Padres,wack5o0am1v4p5l4,15,5.0,4.0,0.0,0.556,3.0,0.0,0.0,,0.0,,2725.5,9.0,0.0,2725.5,3.0,0.0,0.0,0.0,1705.714891001368,90.3294871182284,2025-04-22,15.0,-3.0,▼,trending-down
Los Angeles Angels,g3nhee5cm1v4p5kc,19,4.0,5.0,0.0,0.444,4.0,0.0,0.0,,0.0,,2787.498,9.0,0.0,2787.498,3.0,0.0,0.0,0.0,1700.2745155519,90.04138133532551,2025-04-22,19.0,0.0,–,
Houston Astros,7gg40es7m1v4p5kz,22,3.0,6.0,0.0,0.333,5.0,0.0,0.0,,0.0,,2844.0,9.0,0.0,2844.0,3.0,0.0,0.0,0.0,1684.5329817703594,89.20775745102792,2025-04-22,22.0,2.0,▲,trending-up
Cleveland Guardians,zy1884f2m1v4p5kf,23,3.0,6.0,0.0,0.333,5.0,0.0,0.0,,0.0,,2805.999,9.0,0.0,2805.999,3.0,0.0,0.0,0.0,1643.0586404234032,87.01140212681689,2025-04-22,23.0,2.0,▲,trending-up
Toronto Blue Jays,ojs3x49om1v4p5ju,20,4.0,5.0,0.0,0.444,4.0,0.0,0.0,,0.0,,2666.499,9.0,0.0,2666.499,3.0,0.0,0.0,0.0,1566.3519019349471,82.94924591142113,2025-04-22,20.0,-2.0,▼,trending-down
Baltimore Orioles,60yl9oudm1v4p5jl,21,4.0,5.0,0.0,0.444,4.0,0.0,0.0,,0.0,,2610.999,9.0,0.0,2610.999,3.0,0.0,0.0,0.0,1506.7492911564411,79.7928724219635,2025-04-22,21.0,-2.0,▼,trending-down
Colorado Rockies,u0uu1r4km1v4p5kj,27,2.0,7.0,0.0,0.222,6.0,0.0,0.0,,0.0,,2616.0,9.0,0.0,2616.0,3.0,0.0,0.0,0.0,1374.7242281166089,72.80122552126802,2025-04-22,27.0,3.0,▲,trending-up
Boston Red Sox,jduxxziam1v4p5ka,24,3.0,6.0,0.0,0.333,5.0,0.0,0.0,,0.0,,2537.001,9.0,0.0,2537.001,3.0,0.0,0.0,0.0,1364.1623710781275,72.24190160709267,2025-04-22,24.0,-1.0,▼,trending-down
San Francisco Giants,znstv9a5m1v4p5kn,25,3.0,6.0,0.0,0.333,5.0,0.0,0.0,,0.0,,2478.999,9.0,0.0,2478.999,3.0,0.0,0.0,0.0,1307.399593811156,69.23591708706442,2025-04-22,25.0,-1.0,▼,trending-down
Minnesota Twins,coh694qjm1v4p5l2,26,3.0,6.0,0.0,0.333,5.0,0.0,0.0,,0.0,,2388.0,9.0,0.0,2388.0,3.0,0.0,0.0,0.0,1220.7564698052709,64.64756003216527,2025-04-22,26.0,-1.0,▼,trending-down
Texas Rangers,5gstajehm1v4p5ku,28,2.0,7.0,0.0,0.222,6.0,0.0,0.0,,0.0,,2302.503,9.0,0.0,2302.503,3.0,0.0,0.0,0.0,1087.6999034622834,57.60128784513016,2025-04-22,28.0,0.0,–,
Arizona Diamondbacks,clca1u5cm1v4p5jj,29,1.0,8.0,0.0,0.111,7.0,0.0,0.0,,0.0,,2358.0,9.0,0.0,2358.0,3.0,0.0,0.0,0.0,1079.3318913078483,57.15814330198469,2025-04-22,29.0,0.0,–,
Cincinnati Reds,snk0mmh6m1v4p5k4,30,0.0,9.0,0.0,0.0,8.0,0.0,0.0,,0.0,,1700.001,9.0,0.0,1700.001,3.0,0.0,0.0,0.0,566.667,30.008965593760585,2025-04-22,30.0,0.0,–,
Washington Nationals,ehzxdg4jm1v4p5l8,1,8.0,1.0,0.0,0.889,0.0,0.0,0.0,,0.0,,3667.5,9.0,0.0,3667.5,3.0,0.0,0.0,0.0,3355.212375,177.68187087149022,2025-04-27,1.0,0.0,–,
Pittsburgh Pirates,sg2jbz0hm1v4p5jg,3,7.0,2.0,0.0,0.778,1.0,0.0,0.0,,0.0,,3389.499,9.0,0.0,3389.499,3.0,0.0,0.0,0.0,2782.1742963078227,147.33551227395722,2025-04-27,3.0,1.0,▲,trending-up
Philadelphia Phillies,jd30wae7m1v4p5kx,2,8.0,1.0,0.0,0.889,0.0,0.0,0.0,,0.0,,3305.001,9.0,0.0,3305.001,3.0,0.0,0.0,0.0,2759.702465678519,146.14547228189204,2025-04-27,2.0,-1.0,▼,trending-down
Saint Louis Cardinals,b4x9xipcm1v4p5jr,4,7.0,2.0,0.0,0.778,1.0,0.0,0.0,,0.0,,3317.502,9.0,0.0,3317.502,3.0,0.0,0.0,0.0,2672.491103911188,141.52702307863714,2025-04-27,4.0,0.0,–,
Detroit Tigers,kt446rcmm1v4p5kl,9,5.0,4.0,0.0,0.556,3.0,0.0,0.0,,0.0,,3380.001,9.0,0.0,3380.001,3.0,0.0,0.0,0.0,2546.411714764061,134.85024103380573,2025-04-27,9.0,4.0,▲,trending-up
Chicago White Sox,gsio81ctm1v4p5l1,5,7.0,2.0,0.0,0.778,1.0,0.0,0.0,,0.0,,3191.502,9.0,0.0,3191.502,3.0,0.0,0.0,0.0,2485.821218958464,131.6415521496126,2025-04-27,5.0,-1.0,▼,trending-down
New York Mets,monh30qcm1v4p5kv,10,5.0,4.0,0.0,0.556,3.0,0.0,0.0,,0.0,,3284.997,9.0,0.0,3284.997,3.0,0.0,0.0,0.0,2414.02245449064,127.83930735224584,2025-04-27,10.0,3.0,▲,trending-up
Milwaukee Brewers,6de7t3h9m1v4p5kq,7,6.0,3.0,0.0,0.667,2.0,0.0,0.0,,0.0,,3198.999,9.0,0.0,3198.999,3.0,0.0,0.0,0.0,2396.978171575764,126.93669382514288,2025-04-27,7.0,-1.0,▼,trending-down
New York Yankees,dmg9ghi5m1v4p5ks,11,5.0,4.0,0.0,0.556,3.0,0.0,0.0,,0.0,,3186.498,9.0,0.0,3186.498,3.0,0.0,0.0,0.0,2280.47699817568,120.7671450351201,2025-04-27,11.0,2.0,▲,trending-up
Kansas City Royals,4x4mvc6dm1v4p5l6,6,7.0,2.0,0.0,0.778,1.0,0.0,0.0,,0.0,,2953.5,9.0,0.0,2953.5,3.0,0.0,0.0,0.0,2151.5677797706885,113.94050381579032,2025-04-27,6.0,-4.0,▼,trending-down
Athletics,z3ky5hvtm1v4p5ki,16,4.0,5.0,0.0,0.444,4.0,0.0,0.0,,0.0,,3068.001,9.0,0.0,3068.001,3.0,0.0,0.0,0.0,2031.7220889589912,107.59383952771866,2025-04-27,16.0,5.0,▲,trending-up
Chicago Cubs,lilsyvqwm1v4p5jx,17,4.0,5.0,0.0,0.444,4.0,0.0,0.0,,0.0,,2983.5,9.0,0.0,2983.5,3.0,0.0,0.0,0.0,1928.788101198476,102.14276773928933,2025-04-27,17.0,5.0,▲,trending-up
Atlanta Braves,wizqs8gnm1v4p5ke,18,4.0,5.0,0.0,0.444,4.0,0.0,0.0,,0.0,,2981.001,9.0,0.0,2981.001,3.0,0.0,0.0,0.0,1925.7844812365984,101.9837051362214,2025-04-27,18.0,5.0,▲,trending-up
Los Angeles Dodgers,tagycdjcm1v4p5k0,12,5.0,4.0,0.0,0.556,3.0,0.0,0.0,,0.0,,2877.498,9.0,0.0,2877.498,3.0,0.0,0.0,0.0,1886.070256717108,99.88056026068024,2025-04-27,12.0,-2.0,▼,trending-down
Seattle Mariners,32fwt0gmm1v4p5ko,8,6.0,3.0,0.0,0.667,2.0,0.0,0.0,,0.0,,2718.0,9.0,0.0,2718.0,3.0,0.0,0.0,0.0,1770.7468940076208,93.77338475247916,2025-04-27,8.0,-7.0,▼,trending-down
Tampa Bay Rays,pwtodho1m1v4p5jo,13,5.0,4.0,0.0,0.556,3.0,0.0,0.0,,0.0,,2747.001,9.0,0.0,2747.001,3.0,0.0,0.0,0.0,1730.680445048447,91.6515871389248,2025-04-27,14.0,-2.0,▼,trending-down
Miami Marlins,nmu8k3gwm1v4p5l9,14,5.0,4.0,0.0,0.556,3.0,0.0,0.0,,0.0,,2741.001,9.0,0.0,2741.001,3.0,0.0,0.0,0.0,1723.6955139534882,91.28168637374276,2025-04-27,13.0,-4.0,▼,trending-down
San Diego Padres,wack5o0am1v4p5l4,15,5.0,4.0,0.0,0.556,3.0,0.0,0.0,,0.0,,2725.5,9.0,0.0,2725.5,3.0,0.0,0.0,0.0,1705.714891001368,90.3294871182284,2025-04-27,15.0,-3.0,▼,trending-down
Los Angeles Angels,g3nhee5cm1v4p5kc,21,4.0,5.0,0.0,0.444,4.0,0.0,0.0,,0.0,,2787.498,9.0,0.0,2787.498,3.0,0.0,0.0,0.0,1700.2745155519,90.04138133532553,2025-04-27,19.0,0.0,–,
Houston Astros,7gg40es7m1v4p5kz,22,3.0,6.0,0.0,0.333,5.0,0.0,0.0,,0.0,,2844.0,9.0,0.0,2844.0,3.0,0.0,0.0,0.0,1684.5329817703594,89.20775745102793,2025-04-27,22.0,2.0,▲,trending-up
Cleveland Guardians,zy1884f2m1v4p5kf,23,3.0,6.0,0.0,0.333,5.0,0.0,0.0,,0.0,,2805.999,9.0,0.0,2805.999,3.0,0.0,0.0,0.0,1643.0586404234032,87.01140212681689,2025-04-27,23.0,2.0,▲,trending-up
Toronto Blue Jays,ojs3x49om1v4p5ju,20,4.0,5.0,0.0,0.444,4.0,0.0,0.0,,0.0,,2666.499,9.0,0.0,2666.499,3.0,0.0,0.0,0.0,1566.3519019349471,82.94924591142113,2025-04-27,20.0,-2.0,▼,trending-down
Baltimore Orioles,60yl9oudm1v4p5jl,19,4.0,5.0,0.0,0.444,4.0,0.0,0.0,,0.0,,2610.999,9.0,0.0,2610.999,3.0,0.0,0.0,0.0,1506.7492911564411,79.7928724219635,2025-04-27,21.0,-2.0,▼,trending-down
Colorado Rockies,u0uu1r4km1v4p5kj,27,2.0,7.0,0.0,0.222,6.0,0.0,0.0,,0.0,,2616.0,9.0,0.0,2616.0,3.0,0.0,0.0,0.0,1374.7242281166089,72.80122552126804,2025-04-27,27.0,3.0,▲,trending-up
Boston Red Sox,jduxxziam1v4p5ka,24,3.0,6.0,0.0,0.333,5.0,0.0,0.0,,0.0,,2537.001,9.0,0.0,2537.001,3.0,0.0,0.0,0.0,1364.1623710781275,72.24190160709269,2025-04-27,24.0,-1.0,▼,trending-down
San Francisco Giants,znstv9a5m1v4p5kn,25,3.0,6.0,0.0,0.333,5.0,0.0,0.0,,0.0,,2478.999,9.0,0.0,2478.999,3.0,0.0,0.0,0.0,1307.399593811156,69.23591708706444,2025-04-27,25.0,-1.0,▼,trending-down
Minnesota Twins,coh694qjm1v4p5l2,26,3.0,6.0,0.0,0.333,5.0,0.0,0.0,,0.0,,2388.0,9.0,0.0,2388.0,3.0,0.0,0.0,0.0,1220.7564698052709,64.64756003216529,2025-04-27,26.0,-1.0,▼,trending-down
Texas Rangers,5gstajehm1v4p5ku,28,2.0,7.0,0.0,0.222,6.0,0.0,0.0,,0.0,,2302.503,9.0,0.0,2302.503,3.0,0.0,0.0,0.0,1087.6999034622834,57.60128784513016,2025-04-27,28.0,0.0,–,
Arizona Diamondbacks,clca1u5cm1v4p5jj,29,1.0,8.0,0.0,0.111,7.0,0.0,0.0,,0.0,,2358.0,9.0,0.0,2358.0,3.0,0.0,0.0,0.0,1079.3318913078483,57.15814330198469,2025-04-27,29.0,0.0,–,
Cincinnati Reds,snk0mmh6m1v4p5k4,30,0.0,9.0,0.0,0.0,8.0,0.0,0.0,,0.0,,1700.001,9.0,0.0,1700.001,3.0,0.0,0.0,0.0,566.667,30.008965593760585,2025-04-27,30.0,0.0,–,
Washington Nationals,ehzxdg4jm1v4p5l8,1,11.0,1.0,0.0,0.917,0.0,0.0,0.0,,0.0,,4727.499,12.0,0.0,4727.499,4.0,0.0,0.0,0.0,3275.1522134625,186.18957014701928,2025-04-28,1.0,0.0,–,
Philadelphia Phillies,jd30wae7m1v4p5kx,2,11.0,1.0,0.0,0.917,0.0,0.0,0.0,,0.0,,4249.5,12.0,0.0,4249.5,4.0,0.0,0.0,0.0,2673.7459367963024,152.00014356833285,2025-04-28,2.0,0.0,–,
Chicago White Sox,gsio81ctm1v4p5l1,3,10.0,2.0,0.0,0.833,1.0,0.0,0.0,,0.0,,4204.002,12.0,0.0,4204.002,4.0,0.0,0.0,0.0,2544.2325591178146,144.63742008356607,2025-04-28,5.0,2.0,▲,trending-up
Detroit Tigers,kt446rcmm1v4p5kl,6,8.0,4.0,0.0,0.667,3.0,0.0,0.0,,0.0,,4313.001,12.0,0.0,4313.001,4.0,0.0,0.0,0.0,2514.440040713786,142.94374118447791,2025-04-28,9.0,5.0,▲,trending-up
Pittsburgh Pirates,sg2jbz0hm1v4p5jg,7,8.0,4.0,0.0,0.667,3.0,0.0,0.0,,0.0,,4233.999,12.0,0.0,4233.999,4.0,0.0,0.0,0.0,2427.692981494731,138.0122459088924,2025-04-28,3.0,-2.0,▼,trending-down
Saint Louis Cardinals,b4x9xipcm1v4p5jr,5,9.0,3.0,0.0,0.75,2.0,0.0,0.0,,0.0,,4094.001,12.0,0.0,4094.001,4.0,0.0,0.0,0.0,2348.584232712965,133.5149819741045,2025-04-28,4.0,-2.0,▼,trending-down
Milwaukee Brewers,6de7t3h9m1v4p5kq,8,8.0,4.0,0.0,0.667,3.0,0.0,0.0,,0.0,,4088.499,12.0,0.0,4088.499,4.0,0.0,0.0,0.0,2271.902251789241,129.15567769275754,2025-04-28,7.0,0.0,–,
Kansas City Royals,4x4mvc6dm1v4p5l6,4,10.0,2.0,0.0,0.833,1.0,0.0,0.0,,0.0,,3959.499,12.0,0.0,3959.499,4.0,0.0,0.0,0.0,2271.1652476595623,129.11377964553475,2025-04-28,6.0,-2.0,▼,trending-down
Athletics,z3ky5hvtm1v4p5ki,9,7.0,5.0,0.0,0.583,4.0,0.0,0.0,,0.0,,3875.001,12.0,0.0,3875.001,4.0,0.0,0.0,0.0,1987.9780914215287,113.0148347859999,2025-04-28,16.0,7.0,▲,trending-up
New York Mets,monh30qcm1v4p5kv,16,5.0,7.0,0.0,0.417,6.0,0.0,0.0,,0.0,,4005.498,12.0,0.0,4005.498,4.0,0.0,0.0,0.0,1980.4881385817848,112.5890374462851,2025-04-28,10.0,0.0,–,
Chicago Cubs,lilsyvqwm1v4p5jx,10,7.0,5.0,0.0,0.583,4.0,0.0,0.0,,0.0,,3834.0,12.0,0.0,3834.0,4.0,0.0,0.0,0.0,1948.4234190062289,110.76618587617568,2025-04-28,17.0,6.0,▲,trending-up
New York Yankees,dmg9ghi5m1v4p5ks,17,5.0,7.0,0.0,0.417,6.0,0.0,0.0,,0.0,,3914.997,12.0,0.0,3914.997,4.0,0.0,0.0,0.0,1896.6805168604687,107.82464664966952,2025-04-28,11.0,-1.0,▼,trending-down
Atlanta Braves,wizqs8gnm1v4p5ke,18,5.0,7.0,0.0,0.417,6.0,0.0,0.0,,0.0,,3731.502,12.0,0.0,3731.502,4.0,0.0,0.0,0.0,1732.2992960514732,98.47971644555167,2025-04-28,18.0,5.0,▲,trending-up
Miami Marlins,nmu8k3gwm1v4p5l9,11,7.0,5.0,0.0,0.583,4.0,0.0,0.0,,0.0,,3550.002,12.0,0.0,3550.002,4.0,0.0,0.0,0.0,1685.317671978394,95.80885175870785,2025-04-28,14.0,0.0,–,
Houston Astros,7gg40es7m1v4p5kz,19,5.0,7.0,0.0,0.417,6.0,0.0,0.0,,0.0,,3639.0,12.0,0.0,3639.0,4.0,0.0,0.0,0.0,1652.247295317962,93.92882945327236,2025-04-28,22.0,7.0,▲,trending-up
Tampa Bay Rays,pwtodho1m1v4p5jo,13,6.0,6.0,0.0,0.5,5.0,0.0,0.0,,0.0,,3549.501,12.0,0.0,3549.501,4.0,0.0,0.0,0.0,1630.7300816973093,92.70559447252153,2025-04-28,13.0,-3.0,▼,trending-down
San Diego Padres,wack5o0am1v4p5l4,12,7.0,5.0,0.0,0.583,4.0,0.0,0.0,,0.0,,3440.001,12.0,0.0,3440.001,4.0,0.0,0.0,0.0,1588.5149558577402,90.30570108696736,2025-04-28,15.0,-2.0,▼,trending-down
Los Angeles Dodgers,tagycdjcm1v4p5k0,20,5.0,7.0,0.0,0.417,6.0,0.0,0.0,,0.0,,3547.497,12.0,0.0,3547.497,4.0,0.0,0.0,0.0,1574.915988751144,89.53261157081819,2025-04-28,12.0,-6.0,▼,trending-down
Cleveland Guardians,zy1884f2m1v4p5kf,21,5.0,7.0,0.0,0.417,6.0,0.0,0.0,,0.0,,3520.5,12.0,0.0,3520.5,4.0,0.0,0.0,0.0,1552.4528793548764,88.25560323347594,2025-04-28,23.0,4.0,▲,trending-up
Baltimore Orioles,60yl9oudm1v4p5jl,14,6.0,6.0,0.0,0.5,5.0,0.0,0.0,,0.0,,3426.0,12.0,0.0,3426.0,4.0,0.0,0.0,0.0,1525.7436941718584,86.737209160748,2025-04-28,19.0,-1.0,▼,trending-down
Toronto Blue Jays,ojs3x49om1v4p5ju,22,5.0,7.0,0.0,0.417,6.0,0.0,0.0,,0.0,,3381.999,12.0,0.0,3381.999,4.0,0.0,0.0,0.0,1439.7387462533002,81.84790227062825,2025-04-28,20.0,-1.0,▼,trending-down
Los Angeles Angels,g3nhee5cm1v4p5kc,24,4.0,8.0,0.0,0.333,7.0,0.0,0.0,,0.0,,3354.999,12.0,0.0,3354.999,4.0,0.0,0.0,0.0,1368.9684672192905,77.8246731277615,2025-04-28,21.0,-1.0,▼,trending-down
Seattle Mariners,32fwt0gmm1v4p5ko,15,6.0,6.0,0.0,0.5,5.0,0.0,0.0,,0.0,,3183.501,12.0,0.0,3183.501,4.0,0.0,0.0,0.0,1329.7193727133572,75.59339605774292,2025-04-28,8.0,-15.0,▼,trending-down
Colorado Rockies,u0uu1r4km1v4p5kj,29,2.0,10.0,0.0,0.167,9.0,0.0,0.0,,0.0,,3385.5,12.0,0.0,3385.5,4.0,0.0,0.0,0.0,1293.3285449490202,73.52460897942483,2025-04-28,27.0,3.0,▲,trending-up
San Francisco Giants,znstv9a5m1v4p5kn,23,5.0,7.0,0.0,0.417,6.0,0.0,0.0,,0.0,,3109.998,12.0,0.0,3109.998,4.0,0.0,0.0,0.0,1230.689690201113,69.96364427308998,2025-04-28,25.0,0.0,–,
Boston Red Sox,jduxxziam1v4p5ka,25,3.0,9.0,0.0,0.25,8.0,0.0,0.0,,0.0,,3214.002,12.0,0.0,3214.002,4.0,0.0,0.0,0.0,1218.2738088701597,69.2578121598513,2025-04-28,24.0,-2.0,▼,trending-down
Arizona Diamondbacks,clca1u5cm1v4p5jj,26,3.0,9.0,0.0,0.25,8.0,0.0,0.0,,0.0,,3154.5,12.0,0.0,3154.5,4.0,0.0,0.0,0.0,1176.456793353243,66.88055100175242,2025-04-28,29.0,2.0,▲,trending-up
Minnesota Twins,coh694qjm1v4p5l2,27,3.0,9.0,0.0,0.25,8.0,0.0,0.0,,0.0,,2930.499,12.0,0.0,2930.499,4.0,0.0,0.0,0.0,1025.5498304235928,58.30162070209492,2025-04-28,26.0,-2.0,▼,trending-down
Texas Rangers,5gstajehm1v4p5ku,28,3.0,9.0,0.0,0.25,8.0,0.0,0.0,,0.0,,2917.503,12.0,0.0,2917.503,4.0,0.0,0.0,0.0,1017.110658030442,57.821861051896505,2025-04-28,28.0,-1.0,▼,trending-down
Cincinnati Reds,snk0mmh6m1v4p5k4,30,1.0,11.0,0.0,0.083,10.0,0.0,0.0,,0.0,,2261.001,12.0,0.0,2261.001,4.0,0.0,0.0,0.0,588.7081353750001,33.46754823087845,2025-04-28,30.0,0.0,–,
Washington Nationals,,1,,,,,,,,,,,,,,,,,,,3170.941349999999,189.34095274829536,2025-06-09,,,,
Pittsburgh Pirates,,2,,,,,,,,,,,,,,,,,,,2610.8041107898207,155.89444370395273,2025-06-09,,,,
Philadelphia Phillies,,3,,,,,,,,,,,,,,,,,,,2534.245967001788,151.3230592835291,2025-06-09,,,,
Detroit Tigers,,4,,,,,,,,,,,,,,,,,,,2523.945573623585,150.70800965610186,2025-06-09,,,,
Saint Louis Cardinals,,5,,,,,,,,,,,,,,,,,,,2254.489720736983,134.61845697195847,2025-06-09,,,,
New York Yankees,,6,,,,,,,,,,,,,,,,,,,2122.573014726178,126.74154218780372,2025-06-09,,,,
Milwaukee Brewers,,7,,,,,,,,,,,,,,,,,,,2000.998440473964,119.48216928300918,2025-06-09,,,,
Atlanta Braves,,8,,,,,,,,,,,,,,,,,,,1979.8631009140115,118.22015119839836,2025-06-09,,,,
Chicago Cubs,,9,,,,,,,,,,,,,,,,,,,1954.4545971824425,116.70297703040444,2025-06-09,,,,
Chicago White Sox,,10,,,,,,,,,,,,,,,,,,,1918.9458954282488,114.58270715502684,2025-06-09,,,,
New York Mets,,11,,,,,,,,,,,,,,,,,,,1886.296307516036,112.63315861413771,2025-06-09,,,,
Kansas City Royals,,12,,,,,,,,,,,,,,,,,,,1843.47862506696,110.07646017839336,2025-06-09,,,,
Athletics,,13,,,,,,,,,,,,,,,,,,,1718.380822256705,102.6067108022934,2025-06-09,,,,
Cleveland Guardians,,14,,,,,,,,,,,,,,,,,,,1701.0274114467036,101.57051650743574,2025-06-09,,,,
San Diego Padres,,15,,,,,,,,,,,,,,,,,,,1653.8661475973793,98.75445728576491,2025-06-09,,,,
Colorado Rockies,,16,,,,,,,,,,,,,,,,,,,1568.1265379651063,93.63483582823103,2025-06-09,,,,
Seattle Mariners,,17,,,,,,,,,,,,,,,,,,,1519.066880463337,90.70542110004943,2025-06-09,,,,
Los Angeles Dodgers,,18,,,,,,,,,,,,,,,,,,,1514.1259304107848,90.4103906699117,2025-06-09,,,,
Tampa Bay Rays,,19,,,,,,,,,,,,,,,,,,,1476.0007670780667,88.1338885362153,2025-06-09,,,,
Houston Astros,,20,,,,,,,,,,,,,,,,,,,1327.4797225792151,79.26550752103677,2025-06-09,,,,
Texas Rangers,,21,,,,,,,,,,,,,,,,,,,1317.0544185460972,78.64299931907296,2025-06-09,,,,
San Francisco Giants,,22,,,,,,,,,,,,,,,,,,,1303.6326668863248,77.8415694071598,2025-06-09,,,,
Los Angeles Angels,,23,,,,,,,,,,,,,,,,,,,1276.8621204923688,76.24306593442162,2025-06-09,,,,
Minnesota Twins,,24,,,,,,,,,,,,,,,,,,,1235.2252190043316,73.75687343602304,2025-06-09,,,,
Baltimore Orioles,,25,,,,,,,,,,,,,,,,,,,1213.2111513817588,72.44238537791898,2025-06-09,,,,
Miami Marlins,,26,,,,,,,,,,,,,,,,,,,1140.1224282830492,68.07816449232423,2025-06-09,,,,
Toronto Blue Jays,,27,,,,,,,,,,,,,,,,,,,1049.999435347704,62.69680562647634,2025-06-09,,,,
Boston Red Sox,,28,,,,,,,,,,,,,,,,,,,953.6068834733888,56.941083399156575,2025-06-09,,,,
Arizona Diamondbacks,,29,,,,,,,,,,,,,,,,,,,933.2751841683456,55.727051699261295,2025-06-09,,,,
Cincinnati Reds,,30,,,,,,,,,,,,,,,,,,,539.6666666666666,32.22418504623664,2025-06-09,,,,
Washington Nationals,,1,,,,,,,,,,,,,,,,,,,3174.472215,198.76781917509703,2025-06-10,,,,
Detroit Tigers,,2,,,,,,,,,,,,,,,,,,,2504.4824880555293,156.81678357768166,2025-06-10,,,,
Pittsburgh Pirates,,3,,,,,,,,,,,,,,,,,,,2479.415518673354,155.24722917620332,2025-06-10,,,,
Saint Louis Cardinals,,4,,,,,,,,,,,,,,,,,,,2363.350910467504,147.97990802987883,2025-06-10,,,,
Philadelphia Phillies,,5,,,,,,,,,,,,,,,,,,,2107.379022226264,131.95237004878393,2025-06-10,,,,
Kansas City Royals,,6,,,,,,,,,,,,,,,,,,,2049.590835583334,128.33399475514523,2025-06-10,,,,
Chicago Cubs,,7,,,,,,,,,,,,,,,,,,,1992.9794350722163,124.78930327324392,2025-06-10,,,,
Milwaukee Brewers,,8,,,,,,,,,,,,,,,,,,,1984.8304618692137,124.27905983043684,2025-06-10,,,,
New York Yankees,,9,,,,,,,,,,,,,,,,,,,1936.7346056877493,121.26756443936794,2025-06-10,,,,
Atlanta Braves,,10,,,,,,,,,,,,,,,,,,,1831.246689977906,114.66249703449476,2025-06-10,,,,
Los Angeles Dodgers,,11,,,,,,,,,,,,,,,,,,,1696.1042626485032,106.20062881231708,2025-06-10,,,,
New York Mets,,12,,,,,,,,,,,,,,,,,,,1693.3657123614416,106.02915600317154,2025-06-10,,,,
Chicago White Sox,,13,,,,,,,,,,,,,,,,,,,1692.1118872275674,105.95064843699735,2025-06-10,,,,
Athletics,,14,,,,,,,,,,,,,,,,,,,1611.776077343883,100.92046620487942,2025-06-10,,,,
San Diego Padres,,15,,,,,,,,,,,,,,,,,,,1608.5175129001314,100.71643299738572,2025-06-10,,,,
Tampa Bay Rays,,16,,,,,,,,,,,,,,,,,,,1595.1964901595609,99.88234453795182,2025-06-10,,,,
Cleveland Guardians,,17,,,,,,,,,,,,,,,,,,,1453.722293127992,91.024016063493,2025-06-10,,,,
Seattle Mariners,,18,,,,,,,,,,,,,,,,,,,1380.905629983289,86.46464103904337,2025-06-10,,,,
Houston Astros,,19,,,,,,,,,,,,,,,,,,,1272.5908504871986,79.68257112419631,2025-06-10,,,,
Texas Rangers,,20,,,,,,,,,,,,,,,,,,,1236.627398505064,77.43073950106232,2025-06-10,,,,
Minnesota Twins,,21,,,,,,,,,,,,,,,,,,,1224.5547785487902,76.67481909038759,2025-06-10,,,,
Colorado Rockies,,22,,,,,,,,,,,,,,,,,,,1210.6877016350068,75.8065397513964,2025-06-10,,,,
San Francisco Giants,,23,,,,,,,,,,,,,,,,,,,1193.6727357815128,74.74115709028601,2025-06-10,,,,
Los Angeles Angels,,24,,,,,,,,,,,,,,,,,,,1157.8659575620322,72.4991355080078,2025-06-10,,,,
Baltimore Orioles,,25,,,,,,,,,,,,,,,,,,,1083.5077805410976,67.84323944615268,2025-06-10,,,,
Toronto Blue Jays,,26,,,,,,,,,,,,,,,,,,,1066.4795556458814,66.77702657748996,2025-06-10,,,,
Miami Marlins,,27,,,,,,,,,,,,,,,,,,,1040.690211087511,65.16224105452943,2025-06-10,,,,
Arizona Diamondbacks,,28,,,,,,,,,,,,,,,,,,,882.3434431757958,55.24744590133359,2025-06-10,,,,
Boston Red Sox,,29,,,,,,,,,,,,,,,,,,,853.9636415125528,53.47046034179087,2025-06-10,,,,
Cincinnati Reds,,30,,,,,,,,,,,,,,,,,,,533.1,33.37976117779448,2025-06-10,,,,
Washington Nationals,,1,,,,,,,,,,,,,,,,,,,3100.2813,193.0525782341084,2025-06-16,,,,
Saint Louis Cardinals,,2,,,,,,,,,,,,,,,,,,,2718.29725372782,169.26667049175575,2025-06-16,,,,
Detroit Tigers,,3,,,,,,,,,,,,,,,,,,,2605.349532215938,162.23348648889225,2025-06-16,,,,
Chicago Cubs,,4,,,,,,,,,,,,,,,,,,,2284.797952779018,142.2729400483763,2025-06-16,,,,
Kansas City Royals,,5,,,,,,,,,,,,,,,,,,,2279.350604984721,141.93373710694422,2025-06-16,,,,
Pittsburgh Pirates,,6,,,,,,,,,,,,,,,,,,,2265.883009640429,141.0951183648871,2025-06-16,,,,
Philadelphia Phillies,,7,,,,,,,,,,,,,,,,,,,2053.5543674894307,127.87354656745129,2025-06-16,,,,
Milwaukee Brewers,,8,,,,,,,,,,,,,,,,,,,1811.93899271736,112.82830823996515,2025-06-16,,,,
Athletics,,9,,,,,,,,,,,,,,,,,,,1804.33775240006,112.3549837577538,2025-06-16,,,,
Los Angeles Dodgers,,10,,,,,,,,,,,,,,,,,,,1780.3488481566133,110.86120968854,2025-06-16,,,,
New York Yankees,,11,,,,,,,,,,,,,,,,,,,1760.1232306841434,109.6017731337225,2025-06-16,,,,
Atlanta Braves,,12,,,,,,,,,,,,,,,,,,,1739.8847007713568,108.34153252931944,2025-06-16,,,,
San Diego Padres,,13,,,,,,,,,,,,,,,,,,,1601.9626010794125,99.75320961133404,2025-06-16,,,,
Chicago White Sox,,14,,,,,,,,,,,,,,,,,,,1593.73372327352,99.2408025351113,2025-06-16,,,,
Seattle Mariners,,15,,,,,,,,,,,,,,,,,,,1576.2353576114087,98.1511902454285,2025-06-16,,,,
New York Mets,,16,,,,,,,,,,,,,,,,,,,1523.9795265616592,94.89725231666053,2025-06-16,,,,
Tampa Bay Rays,,17,,,,,,,,,,,,,,,,,,,1476.6552363825072,91.95039835467183,2025-06-16,,,,
Cleveland Guardians,,18,,,,,,,,,,,,,,,,,,,1324.2830539406089,82.46227781813651,2025-06-16,,,,
Los Angeles Angels,,19,,,,,,,,,,,,,,,,,,,1282.7079830108332,79.87342414435565,2025-06-16,,,,
Minnesota Twins,,20,,,,,,,,,,,,,,,,,,,1279.3935766501052,79.66703813246244,2025-06-16,,,,
Texas Rangers,,21,,,,,,,,,,,,,,,,,,,1277.745374596752,79.56440562106725,2025-06-16,,,,
Houston Astros,,22,,,,,,,,,,,,,,,,,,,1257.29056346355,78.29069732028937,2025-06-16,,,,
San Francisco Giants,,23,,,,,,,,,,,,,,,,,,,1231.5660914619384,76.68885053186337,2025-06-16,,,,
Colorado Rockies,,24,,,,,,,,,,,,,,,,,,,1104.8789178754953,68.80011943831553,2025-06-16,,,,
Miami Marlins,,25,,,,,,,,,,,,,,,,,,,1061.232810026076,66.08230359037476,2025-06-16,,,,
Baltimore Orioles,,26,,,,,,,,,,,,,,,,,,,1048.6052877372583,65.29599567226266,2025-06-16,,,,
Toronto Blue Jays,,27,,,,,,,,,,,,,,,,,,,1008.1505028930987,62.77690151262265,2025-06-16,,,,
Arizona Diamondbacks,,28,,,,,,,,,,,,,,,,,,,936.7269285858104,58.32940019501077,2025-06-16,,,,
Boston Red Sox,,29,,,,,,,,,,,,,,,,,,,811.4280423820248,50.52711688881435,2025-06-16,,,,
Cincinnati Reds,,30,,,,,,,,,,,,,,,,,,,577.0530303030303,35.93273141950219,2025-06-16,,,,
Washington Nationals,,1,,,,,,,,,,,,,,,,,,,2807.87907051282,169.3275333379701,2025-06-30,,,,
Saint Louis Cardinals,,2,,,,,,,,,,,,,,,,,,,2803.6794234514746,169.07427603595323,2025-06-30,,,,
Detroit Tigers,,3,,,,,,,,,,,,,,,,,,,2565.896238950906,154.73489777584348,2025-06-30,,,,
Kansas City Royals,,4,,,,,,,,,,,,,,,,,,,2420.6063136955804,145.97327234806136,2025-06-30,,,,
Pittsburgh Pirates,,5,,,,,,,,,,,,,,,,,,,2354.3556356151907,141.97806328826684,2025-06-30,,,,
Milwaukee Brewers,,6,,,,,,,,,,,,,,,,,,,2279.703006415943,137.47617939581198,2025-06-30,,,,
Philadelphia Phillies,,7,,,,,,,,,,,,,,,,,,,2270.986225158308,136.95051891260164,2025-06-30,,,,
Chicago Cubs,,8,,,,,,,,,,,,,,,,,,,2213.91561860188,133.50890878922235,2025-06-30,,,,
New York Yankees,,9,,,,,,,,,,,,,,,,,,,2077.949604337955,125.30955645425841,2025-06-30,,,,
Athletics,,10,,,,,,,,,,,,,,,,,,,2077.608351009819,125.2889773684625,2025-06-30,,,,
San Diego Padres,,11,,,,,,,,,,,,,,,,,,,1775.5044775486388,107.07077693304088,2025-06-30,,,,
Atlanta Braves,,12,,,,,,,,,,,,,,,,,,,1769.4477502175794,106.70552947283538,2025-06-30,,,,
Seattle Mariners,,13,,,,,,,,,,,,,,,,,,,1707.7394072227582,102.98424331937647,2025-06-30,,,,
Los Angeles Dodgers,,14,,,,,,,,,,,,,,,,,,,1685.6981639559572,101.6550588137959,2025-06-30,,,,
Chicago White Sox,,15,,,,,,,,,,,,,,,,,,,1574.4499559203261,94.94629957527843,2025-06-30,,,,
Los Angeles Angels,,16,,,,,,,,,,,,,,,,,,,1534.9815091495707,92.56617757979933,2025-06-30,,,,
Cleveland Guardians,,17,,,,,,,,,,,,,,,,,,,1458.6329626118074,87.96202236708301,2025-06-30,,,,
New York Mets,,18,,,,,,,,,,,,,,,,,,,1418.0018122665665,85.5117842008833,2025-06-30,,,,
Texas Rangers,,19,,,,,,,,,,,,,,,,,,,1351.7421070878916,81.51603076711557,2025-06-30,,,,
San Francisco Giants,,20,,,,,,,,,,,,,,,,,,,1310.7293875942607,79.04278229275366,2025-06-30,,,,
Houston Astros,,21,,,,,,,,,,,,,,,,,,,1249.460608215846,75.34800377051461,2025-06-30,,,,
Tampa Bay Rays,,22,,,,,,,,,,,,,,,,,,,1241.9362031895505,74.8942488505402,2025-06-30,,,,
Miami Marlins,,23,,,,,,,,,,,,,,,,,,,1136.3289674898947,68.5256652062316,2025-06-30,,,,
Colorado Rockies,,24,,,,,,,,,,,,,,,,,,,1115.8408147323041,67.2901389310702,2025-06-30,,,,
Toronto Blue Jays,,25,,,,,,,,,,,,,,,,,,,1100.870840292074,66.38738322740892,2025-06-30,,,,
Baltimore Orioles,,26,,,,,,,,,,,,,,,,,,,1085.699441438306,65.47248074027087,2025-06-30,,,,
Arizona Diamondbacks,,27,,,,,,,,,,,,,,,,,,,1077.802817000664,64.99627934265226,2025-06-30,,,,
Minnesota Twins,,28,,,,,,,,,,,,,,,,,,,935.0219972049764,56.38596407734367,2025-06-30,,,,
Boston Red Sox,,29,,,,,,,,,,,,,,,,,,,764.8530801276556,46.124025348538744,2025-06-30,,,,
Cincinnati Reds,,30,,,,,,,,,,,,,,,,,,,580.2712051282051,34.99292147701545,2025-06-30,,,,
