#,Name,Team,G,PA,AB,H,2B,3B,HR,R,RBI,BB,SO,HBP,SB,CS,BB%,K%,ISO,BABIP,AVG,OBP,SLG,OPS,wOBA,wRC+,ADP
1,Aaron Judge,NYY,159,686,564,169,28,1,57,118,147,113,174,6,9,2,16.40%,25.30%,0.358,0.332,0.3,0.419,0.658,1.077,0.448,199,3.4
2,Bobby Witt Jr.,KCR,159,686,622,190,39,8,33,110,104,51,110,6,36,10,7.40%,16.10%,0.247,0.325,0.306,0.361,0.553,0.914,0.386,151,1.5
3,Julio Rodríguez,SEA,157,679,615,177,31,2,32,91,101,51,161,9,32,7,7.40%,23.60%,0.214,0.339,0.288,0.348,0.502,0.85,0.363,145,13.7
4,Gunnar Henderson,BAL,157,679,592,163,34,7,32,111,103,75,159,5,18,4,11.10%,23.40%,0.24,0.323,0.276,0.359,0.516,0.875,0.372,148,6.2
5,Juan Soto,NYM,159,686,549,159,30,2,37,116,111,129,109,3,10,5,18.70%,15.90%,0.264,0.299,0.289,0.423,0.553,0.976,0.415,173,7.7
6,Shohei Ohtani,LAD,151,651,563,164,31,5,47,120,134,79,149,5,35,10,12.10%,22.80%,0.32,0.316,0.291,0.38,0.611,0.991,0.415,171,1.6
7,Yordan Alvarez,HOU,141,609,523,161,32,2,39,97,112,72,102,10,5,1,11.80%,16.70%,0.293,0.316,0.309,0.399,0.601,1,0.42,181,17.8
8,Vladimir Guerrero Jr.,TOR,157,679,596,183,38,1,34,97,109,71,91,6,6,2,10.50%,13.40%,0.236,0.314,0.308,0.384,0.544,0.928,0.395,163,14
9,Fernando Tatis Jr.,SDP,152,658,591,166,33,2,37,88,106,57,141,6,22,5,8.60%,21.50%,0.251,0.308,0.281,0.347,0.531,0.878,0.373,144,10.9
10,Ronald Acuña Jr.,ATL,128,553,478,146,28,2,29,90,97,63,99,8,40,11,11.30%,17.80%,0.248,0.33,0.305,0.392,0.553,0.945,0.402,159,31.9
11,Mookie Betts,LAD,157,679,592,160,32,3,28,102,101,76,96,6,15,4,11.10%,14.10%,0.207,0.28,0.271,0.357,0.478,0.835,0.36,133,12.4
12,Elly De La Cruz,CIN,154,665,599,155,32,8,30,100,93,57,205,4,54,12,8.50%,30.90%,0.232,0.339,0.259,0.324,0.491,0.815,0.347,117,4.6
13,Austin Riley,ATL,157,679,608,171,34,2,36,102,120,55,162,10,2,1,8.20%,23.80%,0.243,0.323,0.281,0.347,0.523,0.87,0.37,137,30
14,José Ramírez,CLE,156,672,600,161,35,3,27,84,88,63,83,3,34,8,9.40%,12.30%,0.207,0.27,0.269,0.339,0.476,0.814,0.349,131,5.1
15,Francisco Lindor,NYM,159,686,611,155,30,2,28,90,95,59,130,10,24,7,8.70%,18.90%,0.195,0.277,0.254,0.328,0.449,0.777,0.335,119,15
16,Cal Raleigh,SEA,146,584,517,122,25,1,31,74,91,58,158,4,4,2,10.00%,27.10%,0.232,0.274,0.236,0.316,0.468,0.784,0.336,126,87.8
17,Kyle Tucker,CHC,154,665,576,160,33,3,30,94,95,80,98,3,24,4,12.10%,14.70%,0.224,0.286,0.277,0.365,0.501,0.866,0.37,141,8.1
18,William Contreras,MIL,156,626,552,153,31,2,25,79,83,66,132,4,7,2,10.50%,21.10%,0.2,0.319,0.277,0.356,0.477,0.833,0.358,130,24.3
19,Michael Harris II,ATL,146,630,582,168,33,4,25,92,95,36,122,6,20,4,5.80%,19.40%,0.195,0.326,0.289,0.335,0.484,0.819,0.35,124,38.2
20,Corey Seager,TEX,126,546,486,137,26,1,28,72,84,52,93,4,3,1,9.50%,17.00%,0.232,0.295,0.282,0.353,0.514,0.867,0.37,144,49.2
21,Manny Machado,SDP,151,651,593,163,30,1,32,78,95,52,123,2,9,3,8.00%,19.00%,0.217,0.295,0.274,0.332,0.491,0.823,0.351,130,38.3
22,Mike Trout,LAA,120,518,448,120,21,2,32,78,88,60,136,7,10,2,11.60%,26.20%,0.276,0.309,0.267,0.36,0.544,0.904,0.383,152,122.8
23,Bryce Harper,PHI,154,665,572,158,35,1,32,94,105,84,144,4,11,4,12.60%,21.70%,0.233,0.316,0.277,0.371,0.51,0.881,0.377,143,22.8
24,Corbin Carroll,ARI,156,672,583,154,30,10,23,113,82,69,130,11,39,8,10.30%,19.30%,0.207,0.299,0.263,0.349,0.47,0.82,0.352,125,9.3
25,Willy Adames,SFG,156,672,599,151,35,1,28,80,91,66,163,3,14,5,9.90%,24.30%,0.201,0.299,0.252,0.327,0.453,0.78,0.336,118,92.9
26,Rafael Devers,BOS,157,679,599,165,37,2,32,92,103,67,145,7,5,2,9.90%,21.30%,0.229,0.311,0.275,0.352,0.504,0.857,0.366,135,35.3
27,Matt Chapman,SFG,157,679,597,145,34,3,29,86,94,70,182,8,10,3,10.30%,26.80%,0.213,0.296,0.242,0.327,0.455,0.783,0.337,119,130.2
28,Riley Greene,DET,147,637,565,156,28,6,24,90,77,62,164,5,8,2,9.80%,25.70%,0.201,0.344,0.275,0.349,0.476,0.825,0.354,134,108
29,Carlos Correa,MIN,130,560,493,136,28,2,21,73,74,58,107,4,2,1,10.40%,19.20%,0.194,0.31,0.275,0.354,0.469,0.823,0.355,134,244
30,Junior Caminero,TBR,141,609,566,155,27,3,30,78,90,34,135,4,3,1,5.50%,22.10%,0.217,0.308,0.274,0.317,0.491,0.807,0.344,130,75.3
31,Oneil Cruz,PIT,146,630,565,149,31,4,31,81,88,56,180,4,20,4,8.90%,28.60%,0.231,0.329,0.264,0.332,0.495,0.826,0.352,124,43.6
32,Ketel Marte,ARI,147,637,563,153,32,3,25,88,87,64,113,5,7,2,10.00%,17.70%,0.205,0.298,0.272,0.349,0.478,0.827,0.355,127,32.4
33,Dansby Swanson,CHC,157,679,612,149,28,2,22,76,76,58,166,4,16,4,8.60%,24.50%,0.159,0.296,0.243,0.311,0.402,0.713,0.311,101,174.5
34,Adley Rutschman,BAL,146,586,510,131,26,1,16,72,65,68,93,3,3,1,11.60%,15.90%,0.151,0.283,0.257,0.345,0.407,0.752,0.33,118,64.9
35,Bo Bichette,TOR,144,623,576,163,32,2,19,75,76,39,115,4,11,3,6.20%,18.50%,0.159,0.323,0.283,0.33,0.442,0.772,0.333,119,127.4
36,Trea Turner,PHI,156,672,623,172,32,3,22,84,84,40,129,5,24,5,5.90%,19.30%,0.168,0.316,0.277,0.324,0.444,0.768,0.331,112,25.3
37,Jackson Merrill,SDP,154,665,621,167,32,4,23,81,81,34,115,1,16,4,5.10%,17.30%,0.177,0.294,0.268,0.305,0.446,0.75,0.321,109,25.3
38,Brandon Lowe,TBR,123,532,469,117,23,2,26,71,77,52,133,7,7,2,9.80%,24.90%,0.224,0.291,0.25,0.332,0.475,0.806,0.346,131,231.7
39,Wyatt Langford,TEX,143,616,545,146,30,4,23,84,80,61,123,5,21,5,10.00%,19.90%,0.196,0.303,0.267,0.343,0.463,0.806,0.347,128,43.6
40,Luis Robert Jr.,CHW,151,651,598,153,32,1,30,67,84,41,184,8,28,7,6.20%,28.30%,0.209,0.317,0.256,0.311,0.466,0.776,0.333,117,84.8
41,Royce Lewis,MIN,133,574,517,136,27,1,27,71,83,48,134,4,8,2,8.40%,23.30%,0.213,0.301,0.262,0.327,0.475,0.802,0.343,126,129.5
42,Jarren Duran,BOS,152,658,598,162,40,8,20,99,83,50,150,6,30,6,7.60%,22.80%,0.191,0.328,0.27,0.33,0.462,0.792,0.34,117,21.3
43,Kyle Schwarber,PHI,152,658,554,133,24,1,43,95,114,95,191,5,3,3,14.40%,29.00%,0.281,0.279,0.241,0.355,0.522,0.877,0.374,141,76.1
44,Jeremy Peña,HOU,157,679,624,166,31,3,18,80,75,37,126,11,20,6,5.40%,18.60%,0.147,0.305,0.266,0.316,0.413,0.729,0.316,108,163.6
45,Freddie Freeman,LAD,154,665,578,161,34,2,22,94,91,73,109,9,11,3,11.00%,16.30%,0.179,0.308,0.279,0.366,0.458,0.825,0.358,132,25.5
46,Gabriel Moreno,ARI,128,507,451,125,26,2,10,61,50,47,82,5,6,2,9.30%,16.20%,0.128,0.318,0.278,0.35,0.406,0.756,0.331,111,187
47,Anthony Volpe,NYY,157,679,609,141,30,5,18,87,75,56,154,8,31,6,8.20%,22.70%,0.152,0.279,0.232,0.302,0.385,0.687,0.3,95,141.5
48,Brent Rooker,ATH,149,644,569,145,26,1,37,80,96,61,192,10,9,3,9.50%,29.90%,0.246,0.314,0.255,0.335,0.501,0.836,0.357,139,67
49,Matt Olson,ATL,159,686,597,151,31,1,37,99,117,78,164,6,1,0,11.40%,23.90%,0.241,0.284,0.252,0.343,0.494,0.837,0.358,129,38.8
50,Andrés Giménez,TOR,147,637,573,144,30,3,13,76,64,37,113,18,31,5,5.80%,17.70%,0.133,0.29,0.251,0.314,0.384,0.698,0.306,100,171.2
51,Jazz Chisholm Jr.,NYY,141,609,548,135,23,3,27,80,83,52,157,4,35,10,8.50%,25.70%,0.199,0.294,0.247,0.314,0.446,0.76,0.327,114,22.9
52,Shea Langeliers,ATH,128,506,458,109,21,2,26,60,71,40,136,4,5,2,7.80%,26.90%,0.224,0.279,0.239,0.303,0.463,0.766,0.328,118,124.8
53,Zach Neto,LAA,130,560,498,124,27,1,20,67,70,39,125,17,25,7,7.00%,22.40%,0.177,0.292,0.249,0.322,0.426,0.749,0.326,111,195.2
54,Alejandro Kirk,TOR,110,436,383,104,20,1,10,52,45,45,50,4,1,1,10.30%,11.50%,0.135,0.286,0.271,0.35,0.406,0.756,0.331,118,256.1
55,Yainer Diaz,HOU,143,574,540,152,28,2,22,68,76,25,102,3,2,1,4.40%,17.80%,0.179,0.308,0.281,0.313,0.46,0.773,0.33,118,58.7
56,Pete Alonso,NYM,154,665,582,144,27,1,38,91,112,65,152,14,4,1,9.70%,22.80%,0.249,0.266,0.247,0.334,0.496,0.831,0.355,132,51.5
57,Will Smith,LAD,126,501,435,108,20,2,18,68,65,50,91,10,2,1,10.00%,18.10%,0.179,0.271,0.248,0.336,0.428,0.764,0.333,115,104.6
58,Isaac Paredes,HOU,141,609,520,126,25,1,20,75,70,71,98,13,2,1,11.60%,16.10%,0.167,0.261,0.242,0.344,0.409,0.753,0.331,118,195.8
59,Marcus Semien,TEX,154,665,599,145,28,3,21,78,75,59,107,3,11,3,8.80%,16.10%,0.161,0.262,0.242,0.312,0.403,0.715,0.312,103,100.1
60,Matt McLain,CIN,138,595,521,129,27,3,23,77,74,61,161,9,23,6,10.20%,27.00%,0.198,0.309,0.247,0.333,0.445,0.778,0.337,110,97.8
61,Francisco Alvarez,NYM,123,488,429,102,20,1,23,63,71,48,119,6,2,1,9.90%,24.50%,0.21,0.272,0.238,0.321,0.448,0.768,0.331,116,154.5
62,Xander Bogaerts,SDP,149,644,582,153,27,1,17,69,65,52,116,5,15,4,8.00%,18.00%,0.137,0.301,0.264,0.327,0.401,0.728,0.318,107,151.7
63,Byron Buxton,MIN,118,511,461,115,25,2,28,68,82,37,141,9,10,2,7.20%,27.60%,0.246,0.294,0.249,0.315,0.495,0.81,0.345,127,239.8
64,Yandy Díaz,TBR,151,651,574,165,32,1,17,79,72,67,98,6,2,1,10.30%,15.10%,0.148,0.319,0.287,0.365,0.435,0.8,0.349,133,203.8
65,Christian Walker,HOU,149,644,571,140,29,1,31,79,95,60,146,8,4,2,9.20%,22.70%,0.217,0.274,0.246,0.323,0.462,0.785,0.337,123,95.4
66,James Wood,WSN,139,602,530,141,30,3,22,74,70,64,161,3,20,4,10.60%,26.70%,0.191,0.338,0.266,0.346,0.457,0.803,0.347,123,56.7
67,Alex Bregman,BOS,157,679,599,156,32,2,20,83,78,68,90,7,4,1,10.00%,13.30%,0.164,0.274,0.26,0.34,0.424,0.764,0.333,112,130.9
68,Austin Wells,NYY,120,475,417,96,21,1,17,57,61,48,110,5,4,1,10.10%,23.20%,0.177,0.267,0.229,0.313,0.406,0.719,0.314,104,195.6
69,Steven Kwan,CLE,156,672,593,165,28,5,8,81,49,67,64,5,18,5,10.00%,9.50%,0.106,0.298,0.279,0.355,0.385,0.739,0.326,115,147.8
70,Gleyber Torres,DET,152,658,584,153,29,1,17,71,65,64,117,4,9,4,9.70%,17.80%,0.141,0.299,0.263,0.336,0.404,0.74,0.324,113,223.3
71,Patrick Bailey,SFG,128,506,455,104,22,1,11,50,47,43,122,2,3,1,8.60%,24.10%,0.124,0.286,0.23,0.297,0.353,0.65,0.287,85,307.1
72,CJ Abrams,WSN,139,602,546,141,29,4,17,69,62,36,115,13,33,10,6.00%,19.10%,0.164,0.297,0.259,0.318,0.423,0.741,0.321,106,51
73,Ezequiel Tovar,COL,159,686,641,168,38,4,23,71,76,30,174,5,11,4,4.40%,25.40%,0.181,0.323,0.263,0.298,0.443,0.742,0.318,91,129
74,Jose Altuve,HOU,152,658,593,159,30,1,20,76,76,55,114,7,19,6,8.40%,17.30%,0.154,0.3,0.267,0.335,0.422,0.757,0.33,117,60.8
75,Colton Cowser,BAL,130,560,485,119,24,2,20,72,70,61,167,8,10,3,11.00%,29.80%,0.181,0.326,0.245,0.336,0.426,0.762,0.332,120,169.6
76,Mark Vientos,NYM,154,665,602,145,27,1,32,82,98,52,192,5,0,0,7.80%,28.90%,0.206,0.296,0.241,0.304,0.448,0.752,0.323,111,99.3
77,Jordan Westburg,BAL,133,574,521,130,29,3,20,75,75,41,134,7,10,2,7.20%,23.30%,0.184,0.297,0.25,0.313,0.435,0.747,0.323,113,90.2
78,Christopher Morel,TBR,115,497,442,109,21,3,24,67,72,46,136,5,9,3,9.20%,27.40%,0.227,0.297,0.247,0.322,0.474,0.795,0.341,127,270.8
79,Teoscar Hernández,LAD,151,651,594,156,29,1,33,87,106,47,186,7,10,3,7.10%,28.60%,0.221,0.324,0.262,0.321,0.483,0.804,0.344,123,60.9
80,Marcell Ozuna,ATL,154,665,596,160,28,1,37,92,115,62,162,3,1,0,9.40%,24.30%,0.237,0.306,0.268,0.338,0.505,0.843,0.36,131,72.8
81,Ozzie Albies,ATL,152,658,602,157,34,3,23,90,92,44,104,6,12,3,6.70%,15.80%,0.18,0.28,0.261,0.315,0.441,0.755,0.325,107,67.6
82,JJ Bleday,ATH,152,658,573,130,31,3,21,77,75,77,141,3,6,2,11.70%,21.40%,0.175,0.263,0.228,0.32,0.403,0.723,0.316,110,274
83,Masyn Winn,STL,154,665,607,153,31,5,13,77,60,46,122,3,17,3,6.90%,18.30%,0.133,0.293,0.252,0.305,0.385,0.69,0.301,94,147.5
84,Jacob Wilson,ATH,128,553,511,141,32,2,8,59,51,29,71,7,3,1,5.30%,12.80%,0.118,0.304,0.275,0.32,0.393,0.713,0.311,106,342.1
85,Triston Casas,BOS,139,602,517,136,30,2,26,81,84,77,153,3,3,1,12.80%,25.40%,0.217,0.32,0.263,0.359,0.48,0.839,0.361,132,126.9
86,J.T. Realmuto,PHI,126,501,456,115,22,2,19,64,65,34,123,8,9,2,6.80%,24.60%,0.184,0.305,0.253,0.314,0.437,0.752,0.325,108,141
87,Willson Contreras,STL,139,602,520,131,29,1,25,72,78,60,148,18,6,3,10.00%,24.70%,0.203,0.303,0.252,0.349,0.455,0.804,0.349,126,76.4
88,J.P. Crawford,SEA,141,609,526,126,26,2,11,72,57,71,119,7,5,2,11.60%,19.50%,0.12,0.288,0.24,0.336,0.361,0.697,0.311,109,427.9
89,Matt Wallner,MIN,120,518,450,108,25,2,25,70,77,51,177,14,4,1,9.80%,34.10%,0.233,0.329,0.24,0.333,0.473,0.807,0.347,129,271.5
90,Jake Burger,TEX,143,616,564,142,26,2,34,78,95,38,162,10,2,1,6.20%,26.30%,0.235,0.291,0.252,0.309,0.487,0.796,0.339,122,115.8
91,Luis García Jr.,WSN,125,539,503,142,28,3,16,59,58,30,82,1,15,5,5.60%,15.30%,0.161,0.306,0.281,0.32,0.443,0.763,0.328,111,129.8
92,Lawrence Butler,ATH,149,644,587,146,31,3,25,73,81,50,165,0,21,4,7.80%,25.60%,0.19,0.299,0.248,0.306,0.439,0.744,0.32,113,67.1
93,Josh Lowe,TBR,125,539,488,126,28,3,19,68,69,45,154,1,28,4,8.40%,28.70%,0.182,0.336,0.258,0.32,0.44,0.761,0.328,118,153.8
94,Salvador Perez,KCR,149,612,565,148,27,1,27,67,81,32,135,10,1,0,5.30%,22.10%,0.194,0.297,0.262,0.312,0.456,0.768,0.33,111,74.8
95,Nathaniel Lowe,WSN,144,623,544,151,26,2,18,72,61,71,129,4,3,1,11.30%,20.70%,0.156,0.331,0.277,0.362,0.433,0.794,0.347,123,260.1
96,Sean Murphy,ATL,92,365,318,77,16,1,16,50,55,36,86,8,1,0,10.00%,23.50%,0.205,0.279,0.241,0.332,0.446,0.778,0.338,116,213.6
97,Jung Hoo Lee,SFG,143,616,560,152,29,2,13,70,59,45,69,6,13,4,7.30%,11.10%,0.13,0.287,0.271,0.329,0.401,0.73,0.319,106,236.3
98,Nico Hoerner,CHC,130,560,507,136,26,2,6,62,43,39,63,10,26,6,7.00%,11.20%,0.093,0.294,0.268,0.33,0.361,0.692,0.306,98,198.2
99,Anthony Santander,TOR,156,672,601,145,34,1,33,84,104,58,142,8,3,2,8.70%,21.10%,0.223,0.261,0.241,0.314,0.464,0.778,0.334,120,102.3
100,Zack Gelof,ATH,146,630,569,129,26,2,21,66,69,51,197,4,27,5,8.10%,31.30%,0.164,0.305,0.227,0.293,0.391,0.684,0.298,97,213.5
101,Lars Nootbaar,STL,125,539,463,116,23,3,18,67,59,69,107,2,9,3,12.70%,19.90%,0.177,0.287,0.251,0.347,0.428,0.776,0.338,119,258.4
102,Jonathan India,KCR,139,602,518,136,29,3,15,75,63,63,112,16,11,3,10.50%,18.70%,0.155,0.304,0.262,0.356,0.417,0.773,0.339,118,248.8
103,Eugenio Suárez,ARI,141,609,539,128,26,1,25,72,80,55,170,9,2,1,9.10%,28.00%,0.193,0.295,0.238,0.316,0.431,0.747,0.324,106,180.3
104,Jasson Domínguez,NYY,134,581,517,128,24,2,20,74,72,57,153,2,28,4,9.80%,26.30%,0.174,0.307,0.247,0.321,0.42,0.741,0.322,110,145.8
105,Alec Bohm,PHI,143,616,564,156,33,2,17,73,74,41,97,5,6,2,6.70%,15.70%,0.152,0.305,0.276,0.328,0.428,0.757,0.327,109,177.1
106,Nolan Arenado,STL,152,658,602,153,30,1,20,67,71,46,100,4,3,1,7.00%,15.20%,0.154,0.272,0.253,0.309,0.407,0.716,0.311,100,230.6
107,Brandon Nimmo,NYM,134,581,504,125,23,4,18,81,68,64,128,10,7,3,10.90%,22.10%,0.169,0.296,0.248,0.342,0.416,0.758,0.332,117,186.6
108,Cedric Mullins,BAL,130,560,502,121,24,4,15,71,60,47,113,5,30,8,8.40%,20.10%,0.151,0.281,0.241,0.31,0.392,0.702,0.307,102,212.6
109,Max Muncy,LAD,126,546,460,99,19,1,25,73,79,75,140,6,2,1,13.80%,25.60%,0.211,0.245,0.214,0.33,0.425,0.755,0.33,113,260.3
110,Tyler O'Neill,BAL,110,476,420,101,20,1,25,61,72,47,145,6,7,2,9.90%,30.50%,0.227,0.303,0.242,0.324,0.469,0.793,0.341,126,199.4
111,Matt Shaw,CHC,120,518,464,115,20,4,16,66,56,42,115,7,21,6,8.20%,22.20%,0.164,0.294,0.249,0.318,0.412,0.731,0.318,106,999
112,Pete Crow-Armstrong,CHC,130,560,513,124,24,6,15,74,57,31,146,8,34,7,5.50%,26.00%,0.157,0.305,0.241,0.292,0.398,0.69,0.299,94,139.3
113,Luis Rengifo,LAA,134,581,530,139,23,4,16,72,60,40,96,6,26,8,6.80%,16.50%,0.147,0.293,0.263,0.319,0.409,0.729,0.317,105,158.4
114,Ryan Jeffers,MIN,100,403,356,88,18,1,17,50,55,34,93,8,3,1,8.50%,23.00%,0.204,0.284,0.248,0.325,0.451,0.776,0.335,120,234.5
115,Iván Herrera,STL,100,398,342,87,17,1,10,46,38,47,84,5,6,1,11.90%,21.20%,0.143,0.307,0.254,0.349,0.396,0.746,0.329,113,237.9
116,Randy Arozarena,SEA,152,658,567,135,28,2,22,82,79,69,171,17,24,10,10.50%,26.00%,0.171,0.297,0.237,0.335,0.408,0.743,0.326,120,136.4
117,Bryson Stott,PHI,139,602,542,138,26,2,12,70,58,51,102,4,27,5,8.40%,16.90%,0.123,0.289,0.254,0.319,0.377,0.696,0.306,95,177.3
118,Josh Jung,TEX,136,588,544,137,25,2,24,67,76,33,160,7,6,3,5.70%,27.20%,0.185,0.31,0.252,0.301,0.436,0.738,0.318,107,215.8
119,Ian Happ,CHC,156,672,584,140,31,2,23,83,81,78,165,6,12,4,11.70%,24.50%,0.179,0.294,0.241,0.334,0.419,0.753,0.329,114,132.9
120,Daulton Varsho,TOR,138,595,533,122,27,4,22,77,77,52,146,4,15,4,8.80%,24.50%,0.192,0.271,0.229,0.301,0.421,0.722,0.312,105,340.4
121,Taylor Ward,LAA,149,644,568,142,27,2,23,78,78,62,149,8,8,3,9.60%,23.10%,0.175,0.296,0.25,0.329,0.425,0.754,0.328,113,183.2
122,Logan O'Hoppe,LAA,115,461,413,100,17,1,19,54,57,38,118,7,4,2,8.20%,25.50%,0.182,0.291,0.243,0.314,0.424,0.738,0.321,107,134.7
123,Xavier Edwards,MIA,136,588,526,146,25,4,2,59,32,50,88,1,32,8,8.50%,14.90%,0.074,0.327,0.278,0.339,0.352,0.691,0.306,93,150.7
124,Jesús Sánchez,MIA,125,539,486,127,26,3,23,61,65,45,137,4,10,3,8.30%,25.40%,0.207,0.316,0.262,0.327,0.469,0.796,0.342,117,235.5
125,Ha-Seong Kim,TBR,100,434,378,93,18,2,9,51,41,47,76,3,20,5,10.80%,17.60%,0.129,0.283,0.246,0.331,0.375,0.706,0.312,108,334.6
126,Jackson Holliday,BAL,109,469,399,93,20,3,9,61,44,65,122,2,9,2,13.80%,26.10%,0.132,0.31,0.234,0.341,0.366,0.706,0.315,108,228.1
127,Bryan Reynolds,PIT,149,644,575,150,28,4,23,77,71,56,141,9,9,3,8.70%,21.90%,0.179,0.306,0.261,0.333,0.439,0.772,0.335,112,97.5
128,Christian Yelich,MIL,133,574,497,129,23,2,18,72,61,70,127,3,23,5,12.20%,22.20%,0.163,0.313,0.259,0.353,0.423,0.776,0.339,118,120.7
129,Cody Bellinger,NYY,141,609,551,135,26,2,21,73,76,49,108,3,12,3,8.00%,17.70%,0.169,0.266,0.245,0.307,0.414,0.721,0.312,103,104.4
130,Jackson Chourio,MIL,149,644,597,155,32,3,24,76,81,38,139,3,27,6,6.00%,21.60%,0.183,0.299,0.26,0.305,0.442,0.747,0.32,105,16.7
131,Brendan Donovan,STL,138,595,526,143,26,2,11,66,52,51,81,13,7,3,8.70%,13.60%,0.123,0.3,0.271,0.348,0.394,0.742,0.327,111,238.3
132,Bo Naylor,CLE,110,435,381,83,17,1,14,46,44,46,117,3,8,2,10.70%,26.90%,0.16,0.274,0.218,0.306,0.378,0.684,0.301,97,287.9
133,Jake Rogers,DET,97,384,348,75,14,1,14,39,42,29,115,3,2,1,7.50%,29.80%,0.167,0.274,0.215,0.279,0.382,0.661,0.288,88,497
134,Willi Castro,MIN,139,602,536,133,27,4,14,74,60,45,140,14,20,8,7.50%,23.20%,0.142,0.307,0.247,0.32,0.389,0.709,0.311,103,231.6
135,Colt Keith,DET,126,546,500,131,23,5,15,67,55,39,116,2,5,1,7.10%,21.20%,0.154,0.311,0.262,0.316,0.417,0.732,0.317,108,252.2
136,Ryan Mountcastle,BAL,123,532,487,130,26,1,22,66,76,37,125,3,4,1,7.00%,23.60%,0.198,0.313,0.267,0.32,0.465,0.785,0.336,123,233.4
137,Garrett Mitchell,MIL,110,476,420,102,19,3,17,59,55,47,141,4,22,5,9.90%,29.60%,0.181,0.318,0.242,0.321,0.423,0.744,0.323,107,252.4
138,Jordan Walker,STL,131,567,517,136,31,3,19,67,69,39,131,6,8,2,6.90%,23.00%,0.181,0.316,0.264,0.32,0.445,0.765,0.329,113,276.3
139,Wilyer Abreu,BOS,110,476,416,104,25,1,18,59,63,53,127,2,10,3,11.20%,26.60%,0.193,0.314,0.25,0.336,0.443,0.779,0.338,115,306.6
140,Luke Raley,SEA,112,483,427,102,19,2,22,62,67,33,144,19,12,4,6.80%,29.90%,0.205,0.304,0.238,0.319,0.444,0.762,0.33,122,298.9
141,Jo Adell,LAA,112,483,436,105,22,2,25,62,75,36,142,6,15,6,7.50%,29.40%,0.234,0.291,0.24,0.305,0.474,0.779,0.333,116,282.4
142,Heliot Ramos,SFG,139,602,549,139,28,3,24,73,77,43,163,5,7,2,7.20%,27.00%,0.191,0.316,0.254,0.313,0.445,0.758,0.326,111,209.3
143,Geraldo Perdomo,ARI,131,567,486,118,24,4,6,68,43,60,94,6,13,4,10.70%,16.60%,0.101,0.288,0.244,0.331,0.345,0.676,0.303,92,441.2
144,Brandon Marsh,PHI,125,539,475,117,21,4,16,73,59,55,166,4,16,4,10.20%,30.80%,0.161,0.341,0.247,0.327,0.408,0.734,0.321,105,311.8
145,Jorge Soler,LAA,133,574,501,120,26,1,30,72,88,64,146,6,1,0,11.10%,25.50%,0.231,0.275,0.239,0.33,0.47,0.8,0.344,124,217.7
146,Brenton Doyle,COL,154,665,611,150,27,5,22,69,64,41,189,4,27,6,6.20%,28.40%,0.168,0.313,0.245,0.294,0.413,0.707,0.306,82,76.6
147,Joc Pederson,TEX,105,455,392,99,18,2,22,61,63,49,105,10,4,3,10.80%,23.00%,0.22,0.287,0.252,0.348,0.472,0.82,0.354,133,322.3
148,Vinnie Pasquantino,KCR,146,630,560,148,34,2,21,77,78,57,80,5,3,1,9.10%,12.80%,0.182,0.274,0.265,0.334,0.447,0.781,0.337,116,114.4
149,Josh Naylor,ARI,141,609,546,146,31,1,22,73,80,52,94,6,9,2,8.60%,15.40%,0.183,0.284,0.267,0.334,0.449,0.783,0.338,115,105.7
150,Jorge Polanco,SEA,126,546,484,109,19,1,18,60,61,55,142,4,6,2,10.00%,26.00%,0.155,0.276,0.225,0.306,0.38,0.686,0.301,102,422.6
151,Seiya Suzuki,CHC,130,560,495,130,24,4,20,76,68,56,142,4,11,5,10.00%,25.40%,0.186,0.325,0.262,0.339,0.448,0.788,0.34,121,85.6
152,Maikel Garcia,KCR,138,595,540,138,29,4,7,67,48,46,107,0,31,6,7.80%,17.90%,0.106,0.304,0.257,0.312,0.362,0.675,0.297,88,212
153,Tyler Fitzgerald,SFG,136,588,538,124,25,3,19,66,66,36,183,9,21,5,6.10%,31.10%,0.165,0.309,0.231,0.288,0.396,0.684,0.297,92,244.9
154,Ryan McMahon,COL,147,637,564,135,28,2,22,64,65,65,182,3,6,3,10.20%,28.50%,0.175,0.31,0.24,0.32,0.415,0.735,0.321,92,277.3
155,Evan Carter,TEX,120,518,448,106,21,4,12,69,50,59,125,6,16,4,11.40%,24.10%,0.149,0.298,0.238,0.332,0.386,0.719,0.317,107,285.5
156,Tyler Stephenson,CIN,121,490,437,111,22,1,15,55,53,44,113,6,1,1,9.00%,23.10%,0.157,0.308,0.254,0.329,0.411,0.739,0.323,101,155.3
157,Victor Robles,SEA,128,553,485,117,24,2,8,62,48,40,118,15,37,8,7.30%,21.30%,0.109,0.3,0.241,0.317,0.35,0.667,0.297,99,195.6
158,Parker Meadows,DET,122,525,473,109,20,6,13,68,49,42,128,3,19,6,8.00%,24.50%,0.154,0.285,0.231,0.295,0.385,0.681,0.296,93,189.4
159,Luis Arraez,SDP,149,644,596,182,31,3,6,72,49,38,36,5,7,3,5.90%,5.50%,0.088,0.316,0.306,0.351,0.394,0.745,0.326,113,195.6
160,Adolis García,TEX,143,616,559,132,26,2,29,72,86,47,173,6,13,4,7.60%,28.00%,0.207,0.285,0.237,0.3,0.443,0.743,0.32,109,153.7
161,Dylan Moore,SEA,94,406,347,72,16,2,12,51,45,45,117,11,26,8,11.00%,28.80%,0.164,0.272,0.208,0.316,0.373,0.688,0.306,105,344.7
162,Paul Goldschmidt,NYY,147,637,570,139,27,0,26,75,86,61,168,3,9,2,9.60%,26.30%,0.185,0.298,0.243,0.319,0.428,0.747,0.324,112,177.6
163,Brayan Rocchio,CLE,134,581,519,121,27,2,8,57,47,47,111,8,16,6,8.10%,19.00%,0.107,0.279,0.234,0.305,0.341,0.646,0.287,87,451.7
164,Ke'Bryan Hayes,PIT,136,588,540,137,28,3,12,62,52,41,115,3,15,4,6.90%,19.50%,0.127,0.301,0.255,0.309,0.381,0.69,0.301,90,341.6
165,Nolan Gorman,STL,113,490,442,103,19,1,25,53,66,42,155,2,6,1,8.60%,31.70%,0.212,0.294,0.233,0.3,0.445,0.745,0.32,107,353.3
166,Danny Jansen,TBR,91,359,314,71,15,1,13,41,44,37,72,6,1,0,10.20%,20.10%,0.178,0.251,0.227,0.317,0.405,0.722,0.316,110,302.8
167,George Springer,TOR,141,609,543,132,24,2,20,74,69,57,116,6,15,4,9.30%,19.00%,0.162,0.272,0.242,0.319,0.404,0.723,0.316,108,241
168,Giancarlo Stanton,NYY,84,364,326,81,15,0,25,49,68,34,110,2,1,0,9.40%,30.20%,0.278,0.289,0.248,0.321,0.526,0.847,0.359,136,394.3
169,Jake Meyers,HOU,100,434,391,93,18,2,11,50,45,32,103,7,10,2,7.50%,23.70%,0.142,0.291,0.237,0.304,0.379,0.683,0.3,96,447.5
170,Jake McCarthy,ARI,120,518,465,123,20,7,8,73,42,36,93,9,26,6,7.00%,17.90%,0.124,0.312,0.264,0.327,0.387,0.715,0.313,99,216.1
171,Michael Conforto,LAD,115,497,440,108,22,1,20,65,71,46,117,7,2,1,9.30%,23.60%,0.194,0.285,0.244,0.324,0.438,0.762,0.33,114,279.9
172,Jake Cronenworth,SDP,139,602,533,125,27,4,14,73,58,54,108,10,5,2,9.10%,17.90%,0.142,0.269,0.236,0.316,0.378,0.694,0.306,99,288
173,Brice Turang,MIL,134,581,522,126,22,3,8,61,43,51,106,1,38,6,8.70%,18.30%,0.098,0.287,0.242,0.308,0.34,0.648,0.287,83,147.8
174,Jose Siri,NYM,96,413,376,81,15,2,18,50,57,28,146,4,16,4,6.80%,35.50%,0.194,0.292,0.215,0.275,0.409,0.684,0.296,92,448.7
175,Trevor Story,BOS,141,609,550,125,27,2,19,67,69,49,174,6,27,6,8.10%,28.60%,0.159,0.294,0.227,0.296,0.386,0.682,0.298,88,254.2
176,TJ Friedl,CIN,131,567,500,122,21,5,14,71,53,46,93,12,16,5,8.20%,16.50%,0.147,0.271,0.244,0.32,0.391,0.711,0.312,93,254.1
177,Nick Gonzales,PIT,117,504,455,114,26,4,10,59,48,36,119,8,5,2,7.10%,23.50%,0.142,0.314,0.25,0.314,0.393,0.706,0.308,95,407.3
178,Michael Massey,KCR,120,518,478,120,27,2,16,56,60,28,98,5,5,1,5.40%,18.90%,0.162,0.284,0.252,0.298,0.414,0.711,0.307,95,384.3
179,Joey Ortiz,MIL,146,630,565,137,31,5,14,76,63,52,130,6,13,4,8.30%,20.60%,0.145,0.288,0.242,0.31,0.387,0.697,0.304,94,280.9
180,Lane Thomas,CLE,138,595,538,127,29,3,17,65,63,46,153,6,25,10,7.70%,25.70%,0.158,0.295,0.236,0.301,0.394,0.696,0.303,98,178
181,Kerry Carpenter,DET,115,497,452,116,20,3,22,62,64,34,123,7,4,2,6.80%,24.70%,0.207,0.301,0.256,0.315,0.463,0.779,0.334,120,209.6
182,Orlando Arcia,ATL,138,595,544,129,26,1,17,66,71,44,121,3,2,1,7.30%,20.30%,0.143,0.272,0.237,0.294,0.38,0.675,0.295,87,435.1
183,Tommy Edman,LAD,141,609,555,134,27,3,14,74,67,43,110,6,23,5,7.10%,18.00%,0.135,0.275,0.242,0.301,0.377,0.678,0.297,91,180.3
184,LaMonte Wade Jr.,SFG,113,490,414,101,19,1,14,59,49,64,103,6,3,1,13.10%,21.10%,0.152,0.29,0.244,0.351,0.396,0.747,0.33,114,438
185,Keibert Ruiz,WSN,122,480,445,114,24,0,13,44,48,26,52,5,4,2,5.50%,10.70%,0.14,0.263,0.256,0.302,0.395,0.697,0.303,94,212
186,Chase Meidroth,CHW,73,315,264,64,12,1,4,32,20,43,58,6,5,1,13.60%,18.30%,0.091,0.296,0.244,0.359,0.334,0.693,0.315,105,999
187,Freddy Fermin,KCR,70,275,250,64,12,1,6,29,26,21,53,2,1,0,7.60%,19.20%,0.131,0.298,0.255,0.314,0.386,0.7,0.307,95,371.7
188,Michael Busch,CHC,128,553,485,114,24,1,20,65,67,56,153,7,2,1,10.20%,27.60%,0.179,0.297,0.235,0.32,0.413,0.734,0.32,108,258.1
189,Kyle Isbel,KCR,126,546,494,119,25,5,10,68,50,38,112,6,14,4,7.00%,20.50%,0.136,0.289,0.24,0.3,0.376,0.676,0.296,88,519.3
190,Leody Taveras,TEX,78,336,305,75,15,2,9,39,35,26,73,1,13,3,7.80%,21.70%,0.146,0.295,0.247,0.306,0.394,0.7,0.305,98,450
191,Connor Norby,MIA,136,588,534,127,26,2,17,56,57,44,167,4,10,4,7.50%,28.40%,0.153,0.309,0.238,0.298,0.391,0.689,0.3,89,275.7
192,Jonah Heim,TEX,84,333,305,72,14,1,10,35,36,24,62,2,2,1,7.10%,18.70%,0.148,0.265,0.237,0.293,0.384,0.678,0.296,92,311.8
193,Joey Bart,PIT,96,379,340,84,17,1,12,39,40,29,107,7,1,0,7.60%,28.20%,0.156,0.322,0.247,0.317,0.403,0.72,0.315,99,269.1
194,Jonny DeLuca,TBR,109,469,424,97,21,3,14,56,52,34,96,6,18,4,7.30%,20.60%,0.16,0.263,0.229,0.294,0.39,0.684,0.298,98,338.6
195,Tyler Soderstrom,ATH,122,522,477,112,23,2,24,58,69,35,144,5,1,0,6.80%,27.50%,0.205,0.281,0.235,0.292,0.44,0.732,0.314,109,282.1
196,Hyeseong Kim,LAD,91,392,363,101,15,2,5,45,39,23,63,2,15,3,5.90%,16.10%,0.092,0.324,0.278,0.324,0.37,0.694,0.304,96,381.7
197,Thairo Estrada,COL,120,518,481,128,24,2,14,51,48,24,100,9,11,4,4.60%,19.20%,0.147,0.308,0.266,0.311,0.413,0.725,0.315,88,303.9
198,Miguel Vargas,CHW,115,497,431,99,22,1,12,50,44,56,104,5,11,3,11.20%,21.00%,0.141,0.272,0.229,0.322,0.371,0.693,0.307,99,412.9
199,Matt Vierling,DET,110,476,431,108,20,3,11,55,43,38,98,3,7,3,7.90%,20.50%,0.135,0.299,0.251,0.314,0.386,0.7,0.306,100,321.7
200,Trevor Larnach,MIN,109,469,411,98,19,1,17,56,56,49,127,4,4,1,10.50%,27.00%,0.175,0.299,0.239,0.323,0.413,0.736,0.321,110,331.1
401,Korey Lee,CHW,47,186,174,38,8,0,5,15,17,9,54,1,4,1,5.00%,29.30%,0.133,0.288,0.22,0.261,0.353,0.614,0.268,72,580.2
402,Stuart Fairchild,CIN,52,224,198,45,9,1,7,25,23,18,59,5,8,3,7.90%,26.50%,0.155,0.284,0.226,0.304,0.381,0.685,0.301,86,748.4
403,Eric Haase,MIL,32,128,117,25,4,0,5,12,14,9,43,1,1,0,7.00%,33.70%,0.155,0.287,0.211,0.269,0.366,0.635,0.278,76,722.7
404,Nick Loftin,KCR,29,126,112,27,5,0,2,13,10,11,21,1,2,1,8.40%,16.70%,0.107,0.279,0.242,0.312,0.35,0.662,0.294,86,750.8
405,Victor Scott II,STL,63,273,248,56,10,2,3,28,18,17,56,3,20,4,6.10%,20.70%,0.092,0.275,0.224,0.279,0.316,0.596,0.264,69,402.2
406,Darell Hernaiz,ATH,26,112,103,25,5,0,1,10,9,6,21,1,2,1,5.70%,18.90%,0.095,0.29,0.244,0.289,0.338,0.627,0.276,82,750.8
407,Adrian Del Castillo,ARI,29,119,107,25,6,1,3,14,13,10,30,1,0,0,8.60%,24.80%,0.156,0.285,0.231,0.3,0.387,0.687,0.3,90,472.7
408,Jacob Melton,HOU,37,161,150,32,6,0,5,16,18,10,44,1,8,2,6.00%,27.50%,0.145,0.264,0.212,0.26,0.357,0.617,0.269,75,999
409,Derek Hill,MIA,63,273,252,61,11,3,6,29,22,15,76,2,8,2,5.40%,27.90%,0.135,0.316,0.24,0.285,0.375,0.66,0.287,80,575.7
410,Austin Martin,MIN,28,119,102,23,5,0,1,13,8,12,22,3,5,1,10.30%,18.70%,0.076,0.281,0.227,0.326,0.303,0.629,0.288,87,748.2
411,Leo Jiménez,TOR,11,49,42,10,2,0,1,5,4,4,10,2,0,0,8.00%,20.90%,0.11,0.288,0.234,0.331,0.344,0.675,0.304,99,999
412,Michael Siani,STL,68,294,261,55,10,2,3,29,19,26,73,2,14,3,9.00%,24.70%,0.087,0.279,0.212,0.287,0.299,0.586,0.264,69,616.3
413,Blake Sabol,BOS,15,58,52,12,2,0,1,6,6,5,16,1,1,0,8.30%,28.10%,0.143,0.317,0.241,0.309,0.384,0.693,0.304,92,751
414,Joshua Palacios,PIT,26,112,102,25,5,0,3,12,11,8,24,1,3,1,7.10%,21.80%,0.15,0.298,0.25,0.311,0.4,0.711,0.31,96,746
415,Justin Turner,CHC,83,357,315,76,14,0,7,36,32,33,66,6,2,1,9.30%,18.40%,0.114,0.28,0.241,0.322,0.355,0.678,0.302,95,500.5
416,Chase DeLauter,CLE,16,70,64,16,4,0,2,7,7,5,13,0,1,0,7.60%,18.70%,0.148,0.287,0.251,0.309,0.399,0.708,0.308,102,999
417,Leo Rivas,SEA,16,70,59,12,2,0,0,7,4,9,18,1,4,1,13.20%,26.00%,0.066,0.284,0.205,0.315,0.271,0.586,0.272,81,999
418,Andy Ibáñez,DET,45,196,180,42,9,1,4,19,18,13,41,2,2,1,6.80%,20.70%,0.124,0.28,0.235,0.292,0.359,0.651,0.286,86,747.9
419,Austin Barnes,LAD,36,141,125,27,5,0,2,15,12,13,32,1,2,0,9.10%,22.50%,0.097,0.273,0.219,0.296,0.316,0.612,0.275,77,741.7
420,Miguel Rojas,LAD,23,98,90,22,4,0,1,10,9,6,12,1,2,1,6.30%,12.70%,0.097,0.265,0.24,0.294,0.337,0.631,0.28,80,712.6
421,Ben Gamel,HOU,36,154,134,30,6,1,3,18,15,18,41,1,1,0,11.60%,26.60%,0.131,0.294,0.224,0.316,0.355,0.671,0.299,96,748.3
422,Travis Bazzana,CLE,29,126,112,23,5,0,3,12,11,11,37,2,2,0,9.00%,29.70%,0.119,0.281,0.206,0.289,0.325,0.613,0.275,78,999
423,David Fry,CLE,40,175,155,36,8,1,5,19,18,15,40,3,2,0,8.60%,22.60%,0.15,0.284,0.235,0.314,0.385,0.699,0.307,101,493.6
424,Drew Millas,WSN,11,45,41,10,2,0,1,4,3,4,9,0,1,0,8.20%,19.30%,0.103,0.29,0.242,0.306,0.345,0.65,0.288,84,748.8
425,Kevin Newman,LAA,55,238,219,52,11,1,2,23,18,14,37,1,5,1,5.80%,15.40%,0.086,0.275,0.238,0.286,0.324,0.61,0.27,72,673.3
426,Angel Martínez,CLE,29,126,114,26,6,1,2,12,10,9,26,1,2,1,7.20%,20.80%,0.114,0.278,0.23,0.29,0.344,0.633,0.279,82,745.9
427,Austin Hedges,CLE,49,192,172,33,6,0,3,15,13,12,53,2,2,1,6.10%,27.50%,0.093,0.252,0.19,0.249,0.283,0.532,0.238,53,750.7
428,Griffin Conine,MIA,75,322,289,63,12,1,13,32,34,28,113,3,0,0,8.80%,35.10%,0.183,0.306,0.22,0.293,0.403,0.696,0.303,91,707.6
429,Nick Allen,ATL,24,105,94,23,5,0,1,11,9,8,18,1,3,1,7.80%,17.10%,0.084,0.284,0.24,0.302,0.324,0.626,0.279,76,748.3
430,J.D. Davis,LAA,26,112,100,22,4,0,4,12,12,10,35,2,0,0,8.90%,31.60%,0.154,0.305,0.224,0.303,0.377,0.68,0.299,93,739
431,Grant McCray,SFG,28,119,108,23,5,1,3,14,11,9,41,1,4,1,7.70%,34.30%,0.144,0.308,0.212,0.278,0.356,0.633,0.278,79,743.3
432,Dominic Canzone,SEA,13,56,51,12,2,0,2,6,7,4,13,0,1,0,7.20%,23.10%,0.173,0.273,0.235,0.293,0.408,0.701,0.303,103,746.2
433,Chadwick Tromp,ATL,13,51,47,11,2,0,1,5,6,4,13,0,0,0,7.00%,24.90%,0.136,0.276,0.224,0.278,0.36,0.638,0.28,77,745.3
434,Weston Wilson,PHI,19,84,75,17,3,0,3,10,11,7,25,0,3,1,8.80%,29.60%,0.182,0.276,0.22,0.29,0.402,0.692,0.301,92,748.6
435,Adam Duvall,,36,154,141,30,6,0,7,18,23,10,47,2,1,0,6.50%,30.60%,0.2,0.263,0.214,0.273,0.414,0.687,0.297,91,749.4
436,Joey Loperfido,TOR,42,182,164,35,8,1,5,21,21,13,59,3,5,1,7.40%,32.60%,0.16,0.294,0.214,0.282,0.374,0.655,0.287,87,571.2
437,Anthony Rizzo,,57,245,216,49,9,0,7,28,27,21,47,7,1,1,8.50%,19.40%,0.147,0.254,0.225,0.312,0.372,0.685,0.304,95,704.8
438,Hao-Yu Lee,DET,10,42,38,9,2,0,1,5,4,3,9,1,1,0,7.10%,22.50%,0.13,0.294,0.24,0.301,0.37,0.671,0.294,92,999
439,Jon Singleton,HOU,21,91,79,17,3,0,3,11,10,12,25,0,0,0,12.80%,27.70%,0.17,0.277,0.22,0.319,0.39,0.709,0.312,105,728.1
440,Tim Anderson,LAA,23,98,92,23,4,0,1,9,7,5,23,1,2,1,4.70%,23.70%,0.087,0.315,0.247,0.286,0.335,0.62,0.273,74,657.5
441,Daniel Schneemann,CLE,26,112,99,21,5,0,2,11,9,11,30,0,2,1,10.00%,26.60%,0.112,0.282,0.214,0.292,0.326,0.618,0.276,79,744.1
442,Bryan De La Cruz,ATL,26,112,104,26,5,0,4,13,15,7,29,0,1,0,5.80%,25.60%,0.166,0.302,0.249,0.294,0.414,0.708,0.306,94,481.5
443,Jacob Stallings,COL,75,294,261,61,13,1,5,27,23,26,67,4,1,0,8.80%,22.70%,0.119,0.291,0.233,0.311,0.352,0.662,0.295,75,470.8
444,Nick Kurtz,ATH,8,35,31,7,1,0,1,4,4,4,9,0,0,0,10.80%,25.20%,0.162,0.291,0.236,0.322,0.398,0.72,0.316,110,999
445,Sam Huff,SFG,11,45,41,9,2,0,1,4,5,3,15,0,0,0,6.50%,34.00%,0.152,0.301,0.217,0.27,0.369,0.639,0.279,79,743.7
446,Sean Bouchard,COL,40,175,154,37,8,2,5,22,17,18,47,2,4,1,10.10%,26.60%,0.18,0.309,0.241,0.325,0.422,0.747,0.325,95,743.1
447,Colby Thomas,ATH,28,119,111,24,6,1,4,13,14,5,36,2,2,1,4.20%,30.10%,0.173,0.28,0.218,0.264,0.391,0.655,0.283,87,999
448,Dylan Carlson,BAL,8,35,31,7,2,0,1,4,3,3,8,1,0,0,9.50%,22.70%,0.131,0.29,0.235,0.318,0.365,0.683,0.303,99,739.5
449,Marcelo Mayer,BOS,6,28,25,6,2,0,1,3,3,2,7,0,1,0,7.80%,25.50%,0.147,0.301,0.238,0.298,0.385,0.683,0.298,88,999
450,Andruw Monasterio,MIL,24,105,93,21,4,0,1,10,8,11,26,1,4,1,10.00%,24.60%,0.094,0.292,0.223,0.307,0.317,0.624,0.281,78,999
451,Myles Straw,TOR,16,70,63,15,3,0,0,7,4,6,13,0,3,1,8.20%,19.20%,0.063,0.288,0.231,0.295,0.295,0.59,0.265,72,999
452,Pedro León,HOU,6,28,25,6,1,0,1,3,4,2,9,1,1,0,7.10%,32.00%,0.186,0.313,0.234,0.304,0.42,0.724,0.314,106,744.8
453,Logan Driscoll,TBR,8,32,29,6,1,0,1,3,3,2,8,0,0,0,5.70%,25.90%,0.111,0.285,0.22,0.275,0.332,0.607,0.268,76,999
454,Ronny Mauricio,NYM,10,42,40,9,2,0,1,5,5,2,10,0,1,0,4.00%,23.60%,0.153,0.279,0.236,0.269,0.388,0.657,0.284,84,560.7
455,Casey Schmitt,SFG,11,49,45,11,2,0,1,5,5,3,12,0,1,0,5.40%,24.00%,0.138,0.285,0.235,0.281,0.373,0.654,0.285,83,746.3
456,Cal Stevenson,PHI,10,42,36,8,2,0,1,5,3,6,9,0,2,1,13.20%,22.40%,0.11,0.284,0.225,0.328,0.335,0.663,0.298,90,999
457,Jeferson Quero,MIL,6,26,24,5,1,0,1,2,3,2,6,0,0,0,6.40%,22.00%,0.138,0.271,0.231,0.282,0.368,0.651,0.284,81,739.3
458,Alexander Canario,NYM,6,28,25,6,1,0,1,3,4,2,9,0,0,0,7.90%,32.30%,0.217,0.28,0.221,0.286,0.439,0.725,0.311,103,745.1
459,Jair Camargo,MIN,5,19,18,4,1,0,1,2,3,1,7,0,0,0,4.80%,34.60%,0.184,0.298,0.221,0.265,0.405,0.67,0.289,88,999
460,J.C. Escarra,NYY,10,39,35,7,2,0,1,4,4,3,8,1,0,0,8.60%,19.90%,0.118,0.25,0.212,0.291,0.33,0.62,0.277,79,999
461,Tyler Locklear,SEA,23,98,86,18,4,0,3,11,10,8,30,3,1,0,8.40%,30.10%,0.146,0.279,0.209,0.295,0.355,0.65,0.289,93,703.7
462,Gage Workman,CHC,16,70,64,13,3,1,2,8,7,6,24,0,2,1,7.90%,34.90%,0.14,0.306,0.209,0.273,0.349,0.622,0.273,76,746.4
463,Max Muncy,ATH,13,56,51,11,2,0,1,5,5,4,18,1,1,0,6.70%,31.80%,0.123,0.292,0.209,0.272,0.331,0.603,0.267,76,999
464,Vidal Bruján,CHC,26,112,100,22,5,1,2,12,9,9,23,1,5,2,8.40%,20.10%,0.106,0.268,0.221,0.293,0.328,0.621,0.277,79,694.5
465,Jared Serna,MIA,23,98,90,20,5,0,2,8,9,6,22,1,2,1,5.70%,22.20%,0.126,0.27,0.225,0.276,0.35,0.626,0.275,72,999
466,James Outman,LAD,3,14,12,3,1,0,1,2,2,1,4,0,0,0,10.10%,31.40%,0.19,0.301,0.226,0.317,0.416,0.733,0.32,107,695
467,Shay Whitcomb,HOU,6,28,26,6,1,0,1,3,3,2,8,0,1,0,5.90%,29.00%,0.172,0.279,0.225,0.277,0.398,0.674,0.292,91,660
468,Kevin Alcántara,CHC,11,49,45,11,2,0,1,5,5,3,14,0,1,0,6.90%,29.30%,0.144,0.31,0.235,0.289,0.379,0.667,0.291,88,685.1
469,DJ Stewart,PIT,8,35,30,7,1,0,1,4,4,4,9,1,0,0,12.20%,26.90%,0.17,0.273,0.219,0.33,0.39,0.719,0.319,102,999
470,Jose Herrera,ARI,19,77,68,15,3,0,1,8,5,7,17,0,0,0,9.10%,22.10%,0.08,0.284,0.222,0.296,0.302,0.598,0.269,69,750.9
471,Luis Guillorme,HOU,8,35,31,7,1,0,0,4,2,4,7,0,0,0,11.00%,18.60%,0.082,0.285,0.233,0.32,0.315,0.634,0.287,87,999
472,Zach Dezenzo,HOU,5,21,19,5,1,0,1,2,3,2,6,0,0,0,7.20%,29.40%,0.172,0.318,0.244,0.303,0.416,0.72,0.312,105,521.3
473,Hunter Feduccia,LAD,5,19,17,4,1,0,0,2,2,2,5,0,0,0,10.80%,25.30%,0.114,0.276,0.214,0.3,0.328,0.628,0.281,81,999
474,Jimmy Crooks,STL,3,13,11,3,1,0,0,1,1,1,3,0,0,0,8.30%,25.10%,0.126,0.306,0.239,0.31,0.365,0.675,0.298,92,999
475,Marco Luciano,SFG,15,63,56,12,2,0,2,7,6,7,19,0,0,0,10.30%,30.80%,0.141,0.299,0.219,0.301,0.359,0.661,0.292,88,703.3
476,Blaze Alexander,ARI,29,126,113,26,5,1,3,14,12,9,38,3,1,0,7.20%,30.30%,0.135,0.317,0.229,0.299,0.364,0.663,0.292,85,745.7
477,Luke Maile,KCR,5,19,17,4,1,0,0,2,2,2,5,0,0,0,8.30%,27.40%,0.114,0.296,0.221,0.299,0.335,0.634,0.283,79,999
478,Miguel Sanó,,10,42,38,8,2,0,2,5,6,4,15,0,0,0,9.00%,35.10%,0.205,0.3,0.221,0.298,0.426,0.723,0.313,102,999
479,Buddy Kennedy,PHI,10,42,37,8,2,0,1,5,3,4,9,1,0,0,10.30%,22.50%,0.107,0.281,0.224,0.311,0.331,0.642,0.288,83,999
480,Robbie Grossman,,28,119,102,23,5,0,2,13,10,15,28,1,1,0,12.30%,23.10%,0.119,0.281,0.223,0.324,0.342,0.666,0.299,93,999
481,Jonatan Clase,TOR,8,35,31,7,1,0,1,4,3,3,11,0,3,1,8.80%,30.30%,0.138,0.285,0.21,0.282,0.348,0.63,0.278,80,655.9
482,Jakob Marsee,MIA,5,21,18,4,1,0,0,2,1,3,5,0,1,0,12.50%,25.50%,0.112,0.273,0.207,0.32,0.32,0.64,0.291,83,999
483,Manuel Margot,MIL,13,56,51,13,3,0,1,6,5,4,9,0,1,0,7.00%,16.80%,0.112,0.287,0.25,0.306,0.362,0.668,0.294,87,743.6
484,Everson Pereira,NYY,6,28,26,6,1,0,1,3,3,2,9,0,1,0,7.10%,32.60%,0.174,0.301,0.224,0.286,0.398,0.684,0.297,93,750.8
485,Keston Hiura,COL,3,14,13,3,1,0,1,1,2,1,4,0,0,0,6.70%,30.50%,0.222,0.33,0.259,0.325,0.481,0.806,0.346,109,744.3
486,Jahmai Jones,DET,5,21,18,4,1,0,0,2,2,2,5,0,1,0,10.30%,25.50%,0.137,0.29,0.225,0.316,0.362,0.678,0.301,97,999
487,Cavan Biggio,KCR,5,21,18,4,1,0,0,2,2,3,5,0,0,0,12.70%,25.70%,0.119,0.287,0.218,0.33,0.337,0.667,0.302,92,999
488,Rowdy Tellez,SEA,5,21,19,4,1,0,1,2,3,2,5,0,0,0,8.30%,22.50%,0.183,0.265,0.234,0.301,0.417,0.718,0.311,109,728
489,Tommy Pham,PIT,104,448,405,96,19,2,11,45,41,37,106,3,9,4,8.30%,23.70%,0.133,0.292,0.236,0.303,0.369,0.672,0.296,86,416.6
490,Adael Amador,COL,6,28,25,6,1,0,1,3,2,3,6,0,1,0,10.20%,19.80%,0.131,0.275,0.235,0.317,0.367,0.683,0.303,80,684
491,Nathan Lukes,TOR,15,63,58,14,3,0,1,7,5,4,12,1,1,0,6.90%,19.30%,0.099,0.299,0.247,0.303,0.346,0.65,0.287,87,745.2
492,Brett Harris,ATH,5,21,19,4,1,0,0,2,2,2,5,0,0,0,8.70%,22.00%,0.108,0.269,0.218,0.3,0.326,0.626,0.281,85,999
493,Pablo Reyes,NYY,8,35,32,7,1,0,1,4,3,3,7,0,1,0,8.20%,19.90%,0.109,0.27,0.228,0.293,0.337,0.63,0.279,80,999
494,Tyler Wade,SDP,21,91,81,18,3,0,1,8,6,7,21,1,5,1,8.20%,22.90%,0.072,0.287,0.221,0.292,0.294,0.586,0.265,72,750
495,Whit Merrifield,,42,182,166,39,7,0,2,19,16,13,32,1,7,2,7.30%,17.40%,0.092,0.275,0.235,0.294,0.327,0.621,0.276,77,741
496,Nasim Nuñez,WSN,5,21,18,4,1,0,0,2,1,2,5,0,2,0,11.80%,21.70%,0.052,0.29,0.222,0.314,0.274,0.587,0.27,72,750.5
497,Ji Hwan Bae,PIT,3,14,13,3,1,0,0,2,1,1,3,0,1,0,9.10%,23.30%,0.101,0.321,0.249,0.319,0.35,0.67,0.297,87,749.3
498,Adam Frazier,PIT,53,231,208,50,10,1,3,22,17,17,37,3,4,2,7.40%,16.10%,0.098,0.276,0.238,0.304,0.336,0.64,0.285,79,743.2
499,Wade Meckler,SFG,3,14,13,3,1,0,0,2,1,1,3,0,0,0,8.50%,22.40%,0.099,0.318,0.251,0.315,0.35,0.665,0.295,90,750.5
500,Enmanuel Valdez,PIT,3,14,13,3,1,0,0,1,2,1,3,0,0,0,8.80%,24.20%,0.169,0.273,0.23,0.299,0.399,0.698,0.304,92,749.2
501,Bryan Ramos,CHW,28,119,109,24,5,0,3,10,11,8,28,2,1,0,6.40%,23.90%,0.14,0.268,0.223,0.282,0.363,0.645,0.283,82,655.7
502,Kameron Misner,TBR,6,28,24,5,1,0,1,3,3,3,10,0,1,0,11.40%,34.60%,0.138,0.292,0.198,0.293,0.336,0.629,0.281,86,999
503,Brady House,WSN,8,35,33,8,1,0,1,3,3,1,10,0,0,0,3.80%,28.00%,0.132,0.302,0.235,0.272,0.367,0.639,0.278,77,999
504,Austin Shenton,SEA,8,35,31,6,1,0,1,4,4,4,11,0,0,0,10.50%,32.80%,0.153,0.285,0.206,0.294,0.359,0.653,0.289,93,750.3
505,Nick Maton,CHW,3,14,12,3,1,0,0,1,1,2,3,0,0,0,10.80%,24.60%,0.138,0.272,0.218,0.31,0.356,0.666,0.296,92,999
506,Brewer Hicklen,MIL,6,28,25,5,1,0,1,3,3,2,10,1,2,0,8.70%,34.20%,0.168,0.275,0.198,0.285,0.366,0.651,0.288,83,999
507,Garrett Stubbs,PHI,5,19,17,4,1,0,0,2,1,2,5,0,0,0,9.30%,25.10%,0.091,0.28,0.213,0.294,0.304,0.598,0.27,71,999
508,Jake Bauers,MIL,6,28,25,5,1,0,1,3,3,3,9,0,1,0,11.10%,31.90%,0.184,0.276,0.21,0.302,0.394,0.697,0.305,95,714.9
509,Nacho Alvarez Jr.,ATL,3,14,12,3,1,0,0,2,1,1,3,0,0,0,10.10%,21.50%,0.088,0.296,0.235,0.323,0.323,0.647,0.292,85,738.2
510,Owen Caissie,CHC,8,35,31,7,1,0,1,4,3,4,11,0,0,0,10.00%,32.00%,0.14,0.321,0.227,0.308,0.367,0.675,0.298,93,707.1
511,Tomás Nido,DET,5,19,18,4,1,0,0,2,2,1,5,0,0,0,4.30%,23.90%,0.113,0.285,0.23,0.265,0.343,0.608,0.265,72,999
512,Zac Veen,COL,28,119,106,25,5,1,3,12,10,11,31,1,7,1,8.90%,26.00%,0.134,0.306,0.237,0.308,0.371,0.678,0.299,78,999
513,Joe Mack,MIA,3,13,12,2,1,0,0,1,1,1,4,0,0,0,8.00%,29.10%,0.128,0.278,0.211,0.278,0.339,0.617,0.273,71,999
514,David Bote,LAD,3,14,13,3,1,0,0,2,2,1,4,0,0,0,7.20%,25.30%,0.161,0.271,0.222,0.287,0.383,0.671,0.293,89,749.7
515,Reese McGuire,CHC,3,13,12,3,1,0,0,1,1,1,3,0,0,0,7.00%,25.60%,0.095,0.289,0.22,0.28,0.315,0.595,0.265,71,999
516,Jorbit Vivas,NYY,3,14,12,3,1,0,0,2,1,1,2,0,0,0,8.90%,17.80%,0.099,0.251,0.214,0.304,0.313,0.617,0.279,80,999
517,Luke Ritter,NYM,3,14,12,2,0,0,0,2,2,1,5,0,0,0,9.60%,34.70%,0.151,0.272,0.194,0.285,0.346,0.631,0.281,82,999
518,Curt Casali,ATL,3,13,11,2,0,0,0,1,1,1,3,0,0,0,10.20%,23.90%,0.097,0.281,0.217,0.31,0.315,0.624,0.283,79,999
519,Liover Peguero,PIT,6,28,26,6,1,0,1,3,2,2,7,0,1,0,5.60%,25.90%,0.118,0.296,0.23,0.274,0.348,0.622,0.272,70,750.8
520,DaShawn Keirsey Jr.,MIN,11,49,45,10,2,0,1,5,4,3,14,0,2,0,5.80%,27.60%,0.108,0.299,0.225,0.275,0.333,0.608,0.268,73,999
521,Cooper Hummel,HOU,3,14,12,3,1,0,0,2,1,2,4,0,0,0,12.90%,26.30%,0.124,0.287,0.215,0.325,0.338,0.663,0.299,96,999
522,Miles Mastrobuoni,SEA,6,28,25,5,1,0,0,3,2,3,6,0,1,0,9.00%,22.70%,0.081,0.277,0.216,0.285,0.297,0.583,0.262,74,999
523,Jakson Reetz,NYM,2,6,6,1,0,0,0,1,1,0,2,0,0,0,7.30%,28.80%,0.154,0.25,0.197,0.277,0.351,0.629,0.279,81,999
524,David Bañuelos,BAL,2,6,6,1,0,0,0,1,1,1,2,0,0,0,7.90%,34.70%,0.142,0.29,0.203,0.274,0.345,0.618,0.273,79,999
525,Livan Soto,BAL,3,14,12,3,1,0,0,1,1,1,3,0,0,0,9.20%,23.10%,0.078,0.288,0.223,0.297,0.3,0.597,0.269,76,999
526,Oscar Colás,CHW,44,189,173,41,8,1,5,18,17,13,49,1,3,1,6.60%,26.00%,0.137,0.297,0.235,0.289,0.372,0.661,0.289,86,741.5
527,Isaac Collins,MIL,2,7,6,1,0,0,0,1,1,1,2,0,0,0,11.50%,23.70%,0.126,0.277,0.218,0.316,0.345,0.661,0.296,88,999
528,Nicky Lopez,CHC,2,7,6,2,0,0,0,1,0,1,1,0,0,0,8.40%,15.50%,0.07,0.29,0.244,0.315,0.314,0.628,0.283,83,747.5
529,Graham Pauley,MIA,21,91,82,18,4,0,2,8,8,7,23,1,1,0,8.20%,25.00%,0.145,0.27,0.219,0.289,0.364,0.653,0.288,81,999
530,René Pinto,ARI,2,6,6,1,0,0,0,1,1,0,2,0,0,0,4.70%,33.90%,0.185,0.304,0.226,0.267,0.411,0.678,0.292,84,999
531,Kody Clemens,PHI,5,21,19,4,1,0,1,3,3,1,5,0,0,0,6.10%,25.50%,0.187,0.262,0.223,0.273,0.41,0.683,0.294,87,999
532,José Fermín,STL,2,7,6,1,0,0,0,1,1,1,1,0,0,0,9.50%,13.60%,0.103,0.258,0.232,0.319,0.336,0.654,0.294,89,999
533,Max Acosta,MIA,15,63,59,14,3,0,1,5,5,3,13,1,3,1,4.90%,21.10%,0.1,0.288,0.235,0.277,0.335,0.612,0.269,68,999
534,Blake Dunn,CIN,3,14,12,3,0,0,0,1,1,1,4,0,1,0,8.00%,29.30%,0.128,0.306,0.225,0.309,0.353,0.662,0.295,82,999
535,César Salazar,HOU,2,6,6,1,0,0,0,1,1,1,1,0,0,0,8.00%,20.90%,0.102,0.249,0.206,0.294,0.308,0.602,0.273,77,749.8
536,Niko Kavadas,LAA,3,14,12,2,0,0,1,2,2,2,5,0,0,0,13.60%,38.10%,0.175,0.288,0.192,0.315,0.367,0.681,0.304,96,999
537,Gustavo Campero,LAA,2,7,6,1,0,0,0,1,1,0,2,0,0,0,6.80%,22.20%,0.152,0.277,0.232,0.308,0.384,0.691,0.304,96,748.5
538,Kevin Pillar,TEX,6,28,26,6,1,0,1,3,3,1,6,0,1,0,5.20%,22.50%,0.146,0.267,0.226,0.278,0.372,0.651,0.284,84,750.2
539,Tyler Gentry,KCR,8,35,31,7,2,0,1,4,3,3,10,0,0,0,8.80%,28.40%,0.129,0.306,0.228,0.304,0.357,0.662,0.293,86,999
540,Omar Narváez,CHW,5,19,17,4,1,0,0,2,1,2,4,0,0,0,9.10%,20.70%,0.091,0.265,0.217,0.294,0.308,0.602,0.271,74,999
541,Matt Koperniak,STL,5,21,19,5,1,0,0,2,2,1,4,0,0,0,6.10%,20.50%,0.117,0.296,0.248,0.298,0.365,0.663,0.291,87,999
542,Nick Sogard,BOS,2,7,6,1,0,0,0,1,1,1,2,0,0,0,10.00%,22.40%,0.091,0.298,0.233,0.312,0.324,0.636,0.285,79,999
543,Ryan Noda,LAA,2,7,6,1,0,0,0,1,1,1,2,0,0,0,14.20%,34.50%,0.172,0.275,0.195,0.322,0.366,0.688,0.308,99,746.5
544,Michael Helman,STL,15,63,58,13,3,0,2,6,6,4,15,1,2,0,6.70%,24.00%,0.132,0.269,0.22,0.278,0.352,0.63,0.277,77,999
545,Christian Cairo,ATL,3,14,12,2,0,0,0,2,1,2,4,0,1,0,11.60%,28.10%,0.081,0.284,0.202,0.303,0.283,0.586,0.269,70,999
546,Austin Wynns,CIN,2,6,6,1,0,0,0,1,1,0,2,0,0,0,7.30%,26.00%,0.109,0.287,0.221,0.286,0.33,0.616,0.274,68,999
547,Dustin Harris,TEX,5,21,19,4,1,0,0,2,2,2,5,0,1,0,8.50%,25.20%,0.121,0.288,0.226,0.298,0.347,0.645,0.286,85,750.9
548,Tim Tawa,ARI,5,21,19,4,1,0,1,2,2,1,5,0,0,0,7.00%,25.60%,0.137,0.268,0.216,0.273,0.353,0.626,0.275,73,999
549,Jorge Barrosa,ARI,2,7,6,1,0,0,0,1,1,1,1,0,0,0,8.40%,20.60%,0.112,0.278,0.228,0.298,0.34,0.639,0.283,79,999
550,Tucker Barnhart,TEX,2,6,6,1,0,0,0,1,0,1,2,0,0,0,8.40%,26.70%,0.081,0.282,0.208,0.28,0.289,0.568,0.257,64,999
551,CJ Alexander,ATH,2,7,7,1,0,0,0,1,1,0,2,0,0,0,4.50%,27.50%,0.18,0.274,0.225,0.262,0.405,0.667,0.286,89,999
552,Jake Mangum,TBR,28,119,113,27,6,1,1,12,8,4,26,1,4,1,3.10%,21.60%,0.078,0.306,0.242,0.273,0.32,0.593,0.26,71,999
553,Dom Nuñez,CLE,3,13,11,2,0,0,0,1,1,1,4,0,0,0,10.80%,31.60%,0.1,0.259,0.18,0.272,0.28,0.552,0.251,62,999
554,Justin Foscue,TEX,2,7,6,1,0,0,0,1,1,1,1,0,0,0,9.90%,21.20%,0.144,0.255,0.217,0.308,0.361,0.669,0.297,93,999
555,Osleivis Basabe,SFG,2,7,7,2,0,0,0,1,0,0,1,0,0,0,4.60%,19.00%,0.088,0.293,0.241,0.28,0.329,0.609,0.267,72,999
556,Andrés Chaparro,WSN,6,28,25,6,1,0,1,3,3,2,6,0,0,0,7.20%,22.50%,0.167,0.275,0.237,0.298,0.404,0.702,0.305,95,751
557,Ryan Kreidler,DET,2,7,6,1,0,0,0,1,1,1,2,0,0,0,9.40%,31.10%,0.121,0.269,0.196,0.281,0.317,0.598,0.269,74,999
558,Petey Halpin,CLE,3,14,13,3,1,0,0,1,1,1,4,0,0,0,7.30%,26.70%,0.108,0.286,0.217,0.274,0.325,0.599,0.265,71,999
559,Chuckie Robinson,LAA,2,6,6,1,0,0,0,1,1,0,2,0,0,0,4.80%,26.30%,0.106,0.276,0.215,0.26,0.321,0.582,0.256,62,999
560,Brett Sullivan,SDP,2,6,6,1,0,0,0,1,1,0,1,0,0,0,6.70%,18.30%,0.106,0.244,0.21,0.266,0.317,0.583,0.258,67,999
561,Seby Zavala,BOS,3,13,11,2,0,0,0,1,1,1,5,0,0,0,8.50%,36.60%,0.13,0.289,0.193,0.27,0.323,0.593,0.264,64,999
562,Cooper Bowman,CIN,2,7,6,1,0,0,0,1,1,1,2,0,0,0,8.40%,27.30%,0.124,0.271,0.207,0.282,0.331,0.613,0.273,67,751
563,Garrett Cooper,ATL,2,7,6,2,0,0,0,1,1,1,2,0,0,0,7.60%,28.50%,0.158,0.311,0.24,0.305,0.398,0.703,0.307,95,999
564,Eli White,ATL,5,21,19,4,1,0,0,2,2,2,6,0,1,0,8.20%,29.00%,0.123,0.299,0.222,0.295,0.345,0.641,0.285,80,999
565,Blake Hunt,SEA,2,6,6,1,0,0,0,1,1,0,2,0,0,0,4.60%,29.40%,0.111,0.25,0.189,0.236,0.299,0.536,0.237,57,999
566,Steward Berroa,TOR,2,7,6,1,0,0,0,1,1,1,2,0,1,0,9.80%,28.80%,0.109,0.287,0.207,0.288,0.316,0.604,0.271,75,999
567,Jason Delay,PIT,5,19,17,4,1,0,0,2,1,1,4,0,0,0,6.60%,22.00%,0.08,0.289,0.227,0.284,0.306,0.591,0.264,65,999
568,Billy Cook,PIT,21,91,83,18,4,0,3,9,9,6,26,1,3,1,6.60%,28.80%,0.149,0.289,0.222,0.282,0.371,0.653,0.286,79,670
569,Owen Miller,COL,2,7,6,2,0,0,0,1,1,0,1,0,0,0,6.20%,20.20%,0.115,0.312,0.258,0.309,0.372,0.681,0.299,78,999
570,Jacob Hurtubise,CIN,3,14,12,3,0,0,0,2,1,1,3,0,1,0,10.10%,21.70%,0.067,0.298,0.227,0.331,0.294,0.625,0.288,77,999
571,Oscar Gonzalez,SDP,3,14,13,3,1,0,0,1,2,0,3,0,0,0,3.30%,23.60%,0.148,0.291,0.242,0.27,0.39,0.66,0.284,85,999
572,Nick Ahmed,TEX,2,7,6,1,0,0,0,1,1,0,2,0,0,0,6.10%,23.60%,0.095,0.271,0.214,0.264,0.309,0.572,0.253,62,999
573,Aledmys Díaz,,13,56,52,12,3,0,1,5,5,3,11,1,0,0,5.80%,20.00%,0.115,0.264,0.224,0.278,0.339,0.617,0.272,74,999
574,Trey Mancini,ARI,3,14,13,3,1,0,0,2,2,1,4,0,0,0,8.10%,25.60%,0.145,0.299,0.237,0.306,0.382,0.688,0.302,91,749.7
575,Luke Williams,ATL,8,35,32,7,1,0,1,4,3,3,10,0,2,1,7.20%,27.70%,0.112,0.291,0.219,0.279,0.331,0.61,0.27,70,999
576,Brandon Lockridge,SDP,10,42,38,8,2,0,0,4,3,3,12,0,3,1,8.10%,27.90%,0.081,0.307,0.222,0.289,0.303,0.592,0.266,72,750.7
577,Matthew Lugo,LAA,3,14,13,3,1,0,0,2,1,1,4,0,0,0,5.50%,27.40%,0.144,0.281,0.219,0.27,0.364,0.634,0.276,76,749.5
578,Carlos D. Rodriguez,ATL,2,7,6,2,0,0,0,1,0,1,1,0,0,0,7.90%,16.60%,0.07,0.296,0.247,0.306,0.317,0.623,0.278,75,999
579,Mark Canha,MIL,36,154,132,30,6,0,3,16,12,15,32,5,2,1,10.00%,20.90%,0.108,0.275,0.225,0.326,0.333,0.659,0.298,90,637.9
580,Stone Garrett,WSN,2,7,6,1,0,0,0,1,1,0,2,0,0,0,6.90%,29.80%,0.158,0.297,0.228,0.285,0.386,0.671,0.292,87,731
581,Braden Shewmake,NYY,2,7,7,1,0,0,0,1,1,0,2,0,0,0,4.40%,22.40%,0.122,0.241,0.203,0.242,0.325,0.567,0.248,58,999
582,Tyler Callihan,CIN,2,7,6,1,0,0,0,1,1,0,2,0,0,0,6.70%,29.10%,0.115,0.285,0.211,0.267,0.326,0.594,0.262,60,999
583,Jacob Amaya,CHW,8,35,32,6,1,0,0,3,2,3,9,0,0,0,8.60%,25.70%,0.091,0.265,0.203,0.273,0.294,0.567,0.255,62,999
584,Jonathan Ornelas,TEX,3,14,13,3,0,0,0,1,1,1,4,0,0,0,6.40%,27.20%,0.077,0.296,0.217,0.274,0.295,0.569,0.255,63,999
585,Travis Jankowski,CHC,5,21,18,4,1,0,0,2,1,2,4,0,1,0,10.00%,20.30%,0.064,0.285,0.224,0.309,0.288,0.597,0.272,76,999
586,Darren Baker,WSN,6,28,26,7,1,0,0,2,1,2,6,0,1,0,5.70%,20.10%,0.05,0.32,0.253,0.294,0.303,0.597,0.266,69,999
587,Nick Pratto,KCR,19,84,74,16,3,1,2,10,9,8,27,1,1,0,9.60%,32.00%,0.156,0.302,0.218,0.299,0.373,0.672,0.296,87,750.6
588,Gabriel Rincones Jr.,PHI,3,14,13,3,1,0,0,1,1,1,4,0,1,0,7.70%,30.30%,0.132,0.271,0.201,0.271,0.333,0.605,0.268,69,999
589,Juan Yepez,WSN,23,98,89,21,5,0,3,9,10,7,19,1,1,0,7.50%,19.50%,0.154,0.27,0.239,0.299,0.392,0.692,0.301,93,634.9
590,Martín Maldonado,SDP,8,32,29,5,1,0,1,3,3,2,11,0,0,0,7.40%,33.50%,0.135,0.249,0.182,0.251,0.317,0.568,0.252,63,999
591,Yuli Gurriel,SDP,3,14,13,3,1,0,0,1,1,1,3,0,0,0,7.40%,17.90%,0.107,0.267,0.23,0.29,0.338,0.628,0.278,80,999
592,Robert Hassell III,WSN,29,126,114,26,5,0,2,11,9,10,32,1,3,1,8.30%,25.60%,0.092,0.298,0.226,0.292,0.318,0.611,0.272,73,739.5
593,Eric Wagaman,MIA,34,147,136,32,7,1,4,14,14,10,33,0,2,0,6.50%,22.40%,0.14,0.279,0.233,0.283,0.373,0.657,0.286,80,743.7
594,Grae Kessinger,ARI,13,56,50,11,2,0,1,5,5,5,15,0,1,0,8.50%,26.30%,0.104,0.276,0.211,0.283,0.316,0.599,0.268,68,999
595,Scott Kingery,LAA,6,28,26,5,1,0,1,3,3,2,9,0,1,0,6.20%,32.70%,0.135,0.282,0.205,0.255,0.339,0.594,0.26,65,718.7
596,Trey Lipscomb,WSN,8,35,33,8,1,0,0,3,2,2,7,0,1,0,4.80%,21.20%,0.088,0.284,0.232,0.271,0.32,0.59,0.26,65,747.2
597,Dominic Smith,NYY,13,56,50,11,2,0,1,6,6,4,13,1,0,0,7.90%,22.70%,0.128,0.275,0.226,0.298,0.354,0.652,0.289,87,747.4
598,Tim Elko,CHW,6,28,26,6,1,0,1,2,3,1,10,0,0,0,4.10%,33.90%,0.141,0.32,0.23,0.264,0.37,0.634,0.275,77,999
599,Victor Mesa Jr.,MIA,23,98,91,20,4,0,2,9,8,5,24,0,1,0,5.20%,24.60%,0.116,0.282,0.224,0.266,0.34,0.606,0.265,65,999
600,Vinny Capra,MIL,28,119,107,23,5,0,1,11,9,10,27,1,2,0,8.40%,23.10%,0.087,0.282,0.22,0.291,0.307,0.598,0.269,70,999
