#,Name,Team,GS,G,IP,W,L,QS,SV,HLD,H,ER,HR,SO,BB,K/9,BB/9,K/BB,HR/9,AVG,WHIP,BABIP,LOB%,ERA,FIP,ADP
1,Tarik Skubal,DET,32,32,200,16,8,22,0,0,159,61,19,230,46,10.34,2.05,5.05,0.83,0.214,1.02,0.283,77.20%,2.74,2.87,13.9
2,Paul Skenes,PIT,31,31,173,16,7,22,0,0,131,49,14,220,50,11.46,2.58,4.44,0.72,0.205,1.05,0.289,78.90%,2.55,2.64,11.3
3,Zack Wheeler,PHI,32,32,205,15,9,20,0,0,168,73,24,222,54,9.79,2.35,4.16,1.07,0.218,1.08,0.274,75.70%,3.21,3.44,21.1
4,Garrett Crochet,BOS,31,31,156,14,8,19,0,0,126,52,15,202,47,11.65,2.69,4.33,0.88,0.217,1.11,0.304,76.40%,3.01,2.87,25.3
5,Chris Sale,ATL,31,31,181,14,8,20,0,0,149,63,20,217,50,10.81,2.51,4.3,0.98,0.219,1.1,0.291,76.20%,3.12,3.14,36.3
6,Logan Webb,SFG,32,32,204,14,9,19,0,0,198,78,16,177,45,7.84,1.98,3.97,0.72,0.251,1.19,0.305,71.40%,3.46,3.24,99.5
7,Logan Gilbert,SEA,32,32,198,14,9,20,0,0,165,70,24,207,44,9.37,1.99,4.7,1.07,0.22,1.05,0.272,75.50%,3.17,3.41,26.1
8,Framber Valdez,HOU,29,29,182,12,8,18,0,0,162,68,15,179,58,8.84,2.88,3.07,0.74,0.234,1.21,0.295,73.40%,3.34,3.36,61
9,Dylan Cease,SDP,32,32,187,14,9,20,0,0,147,69,22,221,71,10.61,3.41,3.11,1.04,0.211,1.16,0.275,76.00%,3.31,3.58,47.1
10,Cole Ragans,KCR,31,31,178,13,9,18,0,0,152,69,18,197,66,10,3.34,2.99,0.92,0.227,1.23,0.294,74.10%,3.49,3.52,48.7
11,Pablo López,MIN,32,32,194,13,10,18,0,0,179,80,24,199,50,9.22,2.32,3.98,1.11,0.24,1.18,0.296,72.20%,3.72,3.62,67.5
12,George Kirby,SEA,31,31,178,13,9,19,0,0,160,65,21,172,28,8.71,1.41,6.18,1.08,0.232,1.06,0.28,74.20%,3.28,3.37,44.8
13,Tyler Glasnow,LAD,24,24,142,11,6,16,0,0,108,46,15,172,43,10.9,2.74,3.97,0.94,0.207,1.06,0.278,77.20%,2.94,3.15,98.2
14,Aaron Nola,PHI,31,31,187,12,10,17,0,0,170,77,25,186,44,8.95,2.14,4.18,1.19,0.237,1.15,0.287,72.40%,3.72,3.73,87.4
15,Sandy Alcantara,MIA,29,29,191,12,9,17,0,0,184,79,20,165,43,7.77,2.02,3.84,0.97,0.248,1.19,0.294,71.00%,3.72,3.63,162.8
16,Corbin Burnes,ARI,31,31,187,13,9,19,0,0,163,71,19,187,54,9,2.62,3.44,0.92,0.231,1.17,0.288,73.40%,3.42,3.49,37.6
17,Gerrit Cole,NYY,31,31,182,13,9,18,0,0,151,69,24,201,52,9.98,2.59,3.85,1.21,0.218,1.12,0.271,75.50%,3.43,3.69,59.6
18,Max Fried,NYY,29,29,175,12,9,17,0,0,154,66,17,164,52,8.44,2.67,3.16,0.87,0.232,1.18,0.283,73.30%,3.41,3.57,99.2
19,Cristopher Sánchez,PHI,29,29,172,12,9,17,0,0,163,70,16,152,48,7.95,2.49,3.19,0.84,0.246,1.23,0.297,71.50%,3.64,3.57,173.2
20,Yoshinobu Yamamoto,LAD,28,28,160,12,8,16,0,0,134,61,17,167,46,9.39,2.58,3.64,0.98,0.227,1.12,0.288,72.90%,3.41,3.47,58.2
21,Sonny Gray,STL,31,31,180,13,9,18,0,0,161,72,20,181,51,9.09,2.58,3.53,0.99,0.237,1.18,0.296,72.30%,3.62,3.56,110.8
22,Blake Snell,LAD,29,29,161,13,8,18,0,0,120,59,18,206,71,11.53,3.99,2.89,1.02,0.203,1.19,0.277,76.80%,3.27,3.55,45.7
23,Jacob deGrom,TEX,26,26,132,12,7,16,0,0,99,44,16,160,33,10.97,2.24,4.9,1.1,0.207,1,0.275,76.70%,3.01,3.18,44.9
24,Hunter Greene,CIN,29,29,170,12,9,17,0,0,135,68,24,202,63,10.68,3.32,3.21,1.28,0.212,1.16,0.27,75.10%,3.61,3.88,94.6
25,Hunter Brown,HOU,29,29,167,12,9,17,0,0,149,66,17,177,59,9.57,3.16,3.03,0.91,0.233,1.24,0.297,73.70%,3.56,3.55,97.9
26,Roki Sasaki,LAD,24,24,135,11,7,14,0,0,112,53,17,169,39,11.26,2.62,4.3,1.15,0.223,1.12,0.3,74.10%,3.5,3.38,97.3
27,Brandon Woodruff,MIL,26,26,153,11,7,16,0,0,127,56,20,173,40,10.24,2.38,4.29,1.2,0.217,1.09,0.273,76.20%,3.32,3.54,240.1
28,Justin Steele,CHC,29,29,167,12,9,17,0,0,151,66,18,162,45,8.72,2.45,3.57,0.96,0.238,1.18,0.292,72.60%,3.56,3.56,120.9
29,Spencer Strider,ATL,21,21,119,10,5,14,0,0,91,39,13,160,37,12.04,2.79,4.31,1.01,0.205,1.07,0.287,78.00%,2.96,3.01,112.3
30,Yusei Kikuchi,LAA,31,31,168,12,10,17,0,0,148,71,23,188,55,10.09,2.97,3.4,1.22,0.231,1.21,0.291,73.30%,3.81,3.8,158.8
31,Tanner Houck,BOS,29,40,179,8,7,16,0,1,177,78,17,160,56,8.03,2.84,2.83,0.87,0.255,1.31,0.308,70.70%,3.93,3.71,223.1
32,Kevin Gausman,TOR,32,32,194,12,11,17,0,0,184,87,25,190,58,8.81,2.68,3.29,1.16,0.245,1.24,0.297,71.20%,4.01,3.9,170.8
33,Grayson Rodriguez,BAL,28,28,154,11,8,17,0,0,132,58,17,171,51,9.99,2.98,3.35,0.99,0.224,1.18,0.287,75.00%,3.4,3.51,104.7
34,Zac Gallen,ARI,29,29,171,12,9,16,0,0,158,71,19,170,50,8.96,2.63,3.41,1,0.242,1.22,0.299,72.10%,3.72,3.62,121
35,Seth Lugo,KCR,31,31,187,11,11,16,0,0,187,86,23,162,51,7.81,2.44,3.2,1.09,0.257,1.27,0.302,69.80%,4.14,3.94,189.3
36,Jack Flaherty,DET,29,29,165,11,9,16,0,0,148,67,19,179,54,9.74,2.93,3.32,1.06,0.234,1.22,0.295,73.40%,3.68,3.64,136.3
37,Mitch Keller,PIT,31,31,179,12,10,16,0,0,177,80,21,167,53,8.41,2.66,3.16,1.08,0.251,1.28,0.301,71.30%,4.02,3.87,298.1
38,Luis Castillo,SEA,31,31,180,13,9,18,0,0,151,69,22,188,54,9.43,2.7,3.49,1.11,0.221,1.14,0.273,74.80%,3.43,3.7,95.9
39,Michael King,SDP,31,31,177,12,10,17,0,0,156,74,22,185,62,9.44,3.13,3.01,1.12,0.231,1.23,0.287,73.10%,3.77,3.86,63.1
40,Brayan Bello,BOS,29,29,164,10,10,15,0,0,166,75,16,153,58,8.42,3.18,2.65,0.89,0.258,1.36,0.317,70.60%,4.11,3.78,335.4
41,Tanner Bibee,CLE,29,29,168,12,9,16,0,0,149,68,21,171,48,9.16,2.58,3.55,1.14,0.231,1.17,0.282,73.40%,3.64,3.76,88.8
42,Nathan Eovaldi,TEX,29,29,173,11,9,16,0,0,158,74,21,164,51,8.54,2.65,3.22,1.11,0.239,1.21,0.287,71.70%,3.83,3.89,201.9
43,Freddy Peralta,MIL,31,31,170,13,9,18,0,0,138,67,23,191,60,10.1,3.19,3.16,1.21,0.215,1.17,0.269,75.10%,3.56,3.87,98.4
44,Shohei Ohtani,LAD,21,21,123,9,6,13,0,0,96,44,15,150,41,10.94,2.99,3.66,1.06,0.21,1.11,0.278,76.50%,3.2,3.4,1.6
45,Zach Eflin,BAL,29,29,175,11,10,16,0,0,171,76,23,148,33,7.64,1.68,4.55,1.17,0.25,1.16,0.29,70.40%,3.89,3.83,190.6
46,Shane McClanahan,TBR,26,34,159,8,6,15,0,1,139,64,18,163,45,9.24,2.57,3.59,1.03,0.234,1.16,0.293,72.20%,3.62,3.59,121.1
47,Spencer Schwellenbach,ATL,29,29,166,12,9,16,0,0,150,68,20,158,45,8.58,2.46,3.49,1.08,0.237,1.18,0.286,72.20%,3.7,3.76,83.9
48,Brady Singer,CIN,29,29,168,10,10,15,0,0,168,79,23,156,49,8.38,2.65,3.16,1.23,0.252,1.29,0.298,70.70%,4.24,4.1,344.2
49,Joe Ryan,MIN,28,28,155,11,8,16,0,0,131,62,23,167,37,9.66,2.14,4.52,1.36,0.223,1.08,0.27,74.10%,3.61,3.81,91.7
50,Shota Imanaga,CHC,29,29,173,11,9,16,0,0,158,73,25,167,38,8.68,1.97,4.41,1.31,0.237,1.13,0.279,72.10%,3.81,3.9,76.6
51,Jared Jones,PIT,28,36,157,8,7,16,0,1,137,64,17,158,55,9.09,3.17,2.86,1,0.232,1.23,0.287,73.00%,3.68,3.79,142.2
52,Ranger Suárez,PHI,28,40,163,7,6,15,0,1,156,72,18,146,51,8.04,2.79,2.88,0.98,0.249,1.27,0.298,70.60%,3.96,3.86,262.9
53,Bryce Miller,SEA,31,31,171,12,9,18,0,0,146,66,22,167,46,8.78,2.42,3.63,1.14,0.224,1.12,0.269,73.90%,3.5,3.8,78.9
54,Clay Holmes,NYM,23,49,160,8,5,14,0,1,149,62,12,156,63,8.75,3.53,2.48,0.66,0.239,1.32,0.3,73.70%,3.48,3.49,277.9
55,Nick Lodolo,CIN,24,24,134,9,8,13,0,0,123,57,17,144,44,9.73,2.99,3.25,1.17,0.235,1.25,0.291,73.70%,3.82,3.83,241.4
56,MacKenzie Gore,WSN,31,31,166,11,10,16,0,0,154,75,20,171,63,9.29,3.4,2.73,1.1,0.243,1.31,0.302,71.40%,4.09,3.97,204.6
57,Carlos Rodón,NYY,31,31,170,11,10,17,0,0,142,73,26,189,59,10,3.12,3.21,1.37,0.221,1.18,0.272,73.60%,3.86,4.09,131.6
58,Taj Bradley,TBR,29,29,160,11,9,16,0,0,140,65,20,169,53,9.54,2.99,3.18,1.14,0.228,1.21,0.282,73.90%,3.68,3.82,193.9
59,Kodai Senga,NYM,26,34,160,8,6,16,0,1,127,61,18,177,68,10.01,3.86,2.6,0.99,0.213,1.23,0.273,75.50%,3.43,3.8,152.1
60,Jesús Luzardo,PHI,26,41,158,6,6,14,0,1,142,68,22,164,50,9.38,2.86,3.28,1.24,0.234,1.22,0.285,72.80%,3.9,3.96,248.4
61,Bailey Ober,MIN,29,29,168,11,10,15,0,0,152,74,26,167,42,8.93,2.23,4.01,1.4,0.236,1.15,0.279,71.50%,3.98,4.06,81.3
62,Nick Pivetta,SDP,28,28,151,11,9,15,0,0,126,63,22,170,51,10.07,3.03,3.33,1.3,0.22,1.17,0.274,73.80%,3.75,3.95,190.3
63,Drew Rasmussen,TBR,19,43,127,4,3,12,0,1,109,45,12,131,34,9.26,2.37,3.9,0.86,0.226,1.12,0.286,74.70%,3.17,3.27,238.4
64,Reynaldo López,ATL,31,31,172,11,10,16,0,0,153,76,22,174,60,9.11,3.16,2.88,1.14,0.237,1.24,0.292,71.10%,4,3.98,165.9
65,Bryan Woo,SEA,26,26,134,11,7,15,0,0,111,49,17,132,33,8.9,2.2,4.04,1.12,0.219,1.08,0.264,75.10%,3.29,3.65,136.1
66,Kumar Rocker,TEX,23,33,117,6,5,13,0,1,101,45,13,130,38,9.95,2.88,3.45,1.01,0.226,1.18,0.29,74.50%,3.45,3.5,278.5
67,Clarke Schmidt,NYY,24,41,148,6,5,14,0,1,130,60,19,152,48,9.28,2.94,3.16,1.15,0.228,1.21,0.279,74.00%,3.68,3.88,227.1
68,Yu Darvish,SDP,29,29,165,11,10,15,0,0,150,73,23,155,48,8.46,2.63,3.22,1.27,0.236,1.2,0.278,71.60%,3.97,4.13,231.6
69,Ryan Pepiot,TBR,29,29,156,11,9,16,0,0,132,63,20,165,56,9.55,3.21,2.97,1.18,0.222,1.2,0.272,74.40%,3.66,3.95,169.3
70,Brandon Pfaadt,ARI,23,33,136,6,5,13,0,1,130,57,17,133,31,8.78,2.04,4.31,1.15,0.244,1.18,0.295,72.20%,3.77,3.68,171.3
71,José Soriano,LAA,26,26,146,9,9,14,0,0,135,65,14,136,65,8.42,3.99,2.11,0.87,0.243,1.37,0.299,71.60%,4.01,4.02,331.5
72,Reese Olson,DET,26,26,134,10,8,14,0,0,123,55,14,126,44,8.47,2.99,2.83,0.93,0.238,1.25,0.29,72.60%,3.7,3.76,258.5
73,Nick Martinez,CIN,23,49,166,4,4,13,0,1,158,76,23,145,47,7.83,2.56,3.05,1.27,0.245,1.23,0.282,70.50%,4.14,4.23,333.8
74,David Peterson,NYM,26,32,147,8,7,14,0,1,137,62,15,141,57,8.63,3.51,2.46,0.91,0.24,1.32,0.295,72.60%,3.83,3.87,365.7
75,Luis Severino,ATH,31,31,176,11,10,16,0,0,165,79,22,164,59,8.4,3.02,2.79,1.15,0.242,1.27,0.287,71.60%,4.04,4.1,307.5
76,Ryan Feltner,COL,31,31,169,9,12,13,0,0,179,91,23,143,61,7.61,3.23,2.36,1.23,0.269,1.42,0.313,67.70%,4.84,4.46,678.3
77,José Berríos,TOR,32,32,196,11,12,16,0,0,195,96,28,165,57,7.54,2.63,2.87,1.27,0.254,1.28,0.291,69.20%,4.38,4.33,240.6
78,Mason Miller,ATH,0,67,67,4,3,0,30,2,42,17,6,99,24,13.25,3.26,4.06,0.79,0.175,0.98,0.268,82.80%,2.23,2.58,44.3
79,Gavin Williams,CLE,26,26,132,10,8,14,0,0,115,54,15,136,52,9.3,3.57,2.6,1,0.228,1.27,0.285,73.70%,3.69,3.87,241.1
80,Chris Bassitt,TOR,31,31,176,10,11,15,0,0,172,84,23,157,61,8.06,3.12,2.58,1.17,0.251,1.32,0.295,70.20%,4.3,4.24,338.9
81,Robbie Ray,SFG,28,28,149,11,9,15,0,0,125,62,20,165,55,10.01,3.35,2.99,1.18,0.224,1.22,0.282,73.50%,3.77,3.9,159.4
82,Michael Wacha,KCR,28,28,152,9,10,14,0,0,147,71,20,133,47,7.82,2.79,2.81,1.2,0.248,1.27,0.288,70.20%,4.2,4.22,277.5
83,Jhoan Duran,MIN,0,65,65,3,3,0,22,5,49,18,4,82,22,11.37,3.05,3.73,0.58,0.204,1.09,0.292,78.80%,2.5,2.63,65.5
84,Sean Manaea,NYM,28,28,156,11,9,15,0,0,135,67,22,156,56,8.97,3.22,2.79,1.24,0.226,1.22,0.271,73.20%,3.86,4.17,195.8
85,Andre Pallante,STL,24,41,155,5,5,13,0,1,154,70,12,121,62,7.01,3.63,1.93,0.68,0.256,1.4,0.304,70.20%,4.04,3.93,497.8
86,Jake Irvin,WSN,29,29,164,10,10,14,0,0,159,79,22,136,54,7.48,2.98,2.51,1.19,0.251,1.3,0.288,69.40%,4.34,4.36,428
87,Ryan Weathers,MIA,26,32,142,7,7,13,0,1,137,65,17,127,51,8.09,3.24,2.5,1.06,0.247,1.33,0.294,71.10%,4.12,4.12,356.3
88,Edwin Díaz,NYM,0,65,65,3,3,0,36,2,43,17,6,93,25,12.94,3.45,3.75,0.8,0.183,1.05,0.272,81.80%,2.41,2.74,39.6
89,Davis Martin,CHW,24,24,125,8,9,12,0,0,121,58,16,114,46,8.27,3.33,2.48,1.13,0.247,1.34,0.293,71.40%,4.2,4.21,654.1
90,Emmanuel Clase,CLE,0,66,66,3,3,0,34,2,51,18,4,69,16,9.45,2.16,4.39,0.58,0.212,1.02,0.278,76.80%,2.52,2.74,34.6
91,Germán Márquez,COL,28,28,153,8,11,12,0,0,162,84,22,126,53,7.4,3.1,2.38,1.27,0.271,1.4,0.312,66.90%,4.91,4.52,651.6
92,Max Scherzer,TOR,21,27,122,6,5,11,0,1,106,52,18,124,34,9.15,2.49,3.68,1.32,0.23,1.14,0.275,72.30%,3.84,4,297.7
93,Miles Mikolas,STL,31,31,175,10,11,14,0,0,185,88,25,123,36,6.34,1.88,3.37,1.28,0.267,1.27,0.294,67.30%,4.52,4.35,594.4
94,Bowden Francis,TOR,26,36,157,7,6,14,0,1,140,69,24,142,44,8.17,2.54,3.22,1.36,0.232,1.18,0.266,72.00%,3.97,4.28,241.1
95,Nestor Cortes,MIL,21,44,144,4,4,12,0,1,125,62,23,142,38,8.86,2.36,3.75,1.41,0.227,1.13,0.265,72.60%,3.86,4.15,268.8
96,Max Meyer,MIA,24,34,135,6,6,12,0,1,134,63,16,121,47,8.07,3.12,2.58,1.07,0.253,1.34,0.3,70.70%,4.21,4.09,414.5
97,Aaron Civale,MIL,24,39,148,6,5,13,0,1,134,65,22,144,46,8.77,2.79,3.14,1.34,0.233,1.22,0.273,72.90%,3.98,4.22,366.6
98,Jameson Taillon,CHC,29,29,166,10,10,14,0,0,165,80,24,133,41,7.23,2.22,3.27,1.33,0.254,1.24,0.286,69.10%,4.34,4.34,353.7
99,Reid Detmers,LAA,18,36,115,4,3,10,0,1,103,50,16,124,40,9.73,3.12,3.12,1.23,0.233,1.25,0.289,72.80%,3.94,3.96,359.5
100,Jeffrey Springs,ATH,26,34,133,7,7,13,0,1,125,60,18,124,37,8.41,2.51,3.35,1.22,0.244,1.22,0.29,70.70%,4.05,4.02,266.1
101,Spencer Arrighetti,HOU,26,26,138,9,9,13,0,0,122,63,18,146,61,9.56,3.99,2.4,1.19,0.232,1.33,0.287,72.60%,4.11,4.23,203.4
102,Lucas Giolito,BOS,23,33,135,5,6,11,0,1,129,65,21,141,47,9.38,3.1,3.03,1.37,0.245,1.3,0.296,70.90%,4.35,4.22,371.5
103,Edward Cabrera,MIA,23,35,123,6,5,12,0,1,105,52,13,132,60,9.65,4.36,2.21,0.95,0.226,1.33,0.288,73.40%,3.81,3.99,389
104,Alex Cobb,DET,18,18,94,7,6,10,0,0,93,40,9,83,29,7.93,2.76,2.88,0.83,0.252,1.29,0.304,71.30%,3.81,3.66,554.8
105,Sean Burke,CHW,23,31,116,6,6,12,0,1,101,51,14,124,57,9.55,4.4,2.17,1.08,0.226,1.35,0.282,73.60%,3.97,4.23,413.1
106,Charlie Morton,BAL,28,28,151,9,10,14,0,0,143,72,19,149,65,8.87,3.86,2.3,1.14,0.243,1.37,0.296,71.20%,4.29,4.28,407.9
107,Merrill Kelly,ARI,26,26,149,9,9,13,0,0,143,71,19,130,50,7.88,3.05,2.58,1.14,0.251,1.3,0.295,69.50%,4.29,4.21,303.8
108,Andrés Muñoz,SEA,0,64,64,3,3,0,26,4,44,17,5,84,25,11.86,3.53,3.36,0.66,0.19,1.08,0.274,80.50%,2.42,2.8,61.8
109,Griffin Jax,MIN,0,70,70,4,3,0,8,11,55,22,6,83,22,10.69,2.77,3.86,0.8,0.211,1.09,0.285,77.30%,2.84,2.99,296.6
110,Shane Bieber,CLE,15,25,94,3,3,9,0,1,90,39,11,88,23,8.44,2.24,3.76,1.01,0.247,1.21,0.299,71.60%,3.76,3.62,438.1
111,Matthew Boyd,CHC,23,31,120,6,6,12,0,1,107,53,16,122,40,9.08,3,3.03,1.21,0.234,1.22,0.283,72.10%,3.93,4.03,311.8
112,Jordan Hicks,SFG,23,40,134,5,4,13,0,1,126,58,12,131,59,8.8,3.93,2.24,0.82,0.242,1.38,0.301,72.80%,3.86,3.85,439.9
113,Tyler Mahle,TEX,26,26,141,8,9,12,0,0,134,69,21,126,45,8.04,2.88,2.79,1.35,0.247,1.27,0.286,69.30%,4.41,4.42,448.6
114,Luis L. Ortiz,CLE,23,38,147,5,5,12,0,1,140,67,17,126,55,7.7,3.35,2.3,1.03,0.245,1.33,0.287,71.10%,4.1,4.2,369
115,Kyle Harrison,SFG,24,24,128,9,8,12,0,0,117,57,16,128,49,9.04,3.42,2.64,1.11,0.238,1.3,0.291,72.30%,4,4.04,368.4
116,Andrew Heaney,PIT,23,35,128,5,5,11,0,1,128,62,18,119,40,8.37,2.83,2.96,1.27,0.253,1.31,0.299,70.10%,4.37,4.21,456.7
117,Kris Bubic,KCR,18,42,114,3,3,10,0,1,113,52,13,109,40,8.59,3.14,2.73,1,0.254,1.34,0.31,70.70%,4.14,3.89,348.6
118,Casey Mize,DET,23,23,116,8,8,11,0,0,116,54,13,96,36,7.41,2.75,2.69,1.02,0.255,1.31,0.297,69.90%,4.15,4.05,454.4
119,Andrew Abbott,CIN,24,24,135,8,9,11,0,0,126,67,22,127,50,8.51,3.34,2.55,1.46,0.241,1.3,0.279,70.30%,4.51,4.64,514.8
120,Walker Buehler,BOS,26,40,150,5,7,12,0,1,155,79,19,123,53,7.38,3.16,2.33,1.16,0.267,1.39,0.31,67.40%,4.73,4.39,266.7
121,Ronel Blanco,HOU,28,28,156,9,10,14,0,0,138,73,21,151,66,8.67,3.82,2.27,1.23,0.233,1.3,0.278,71.20%,4.22,4.43,244.6
122,Jon Gray,TEX,24,37,147,5,6,12,0,1,142,72,21,128,48,7.88,2.97,2.65,1.27,0.25,1.3,0.29,69.50%,4.4,4.38,432.8
123,Jonathan Cannon,CHW,26,32,155,6,8,12,0,1,160,80,20,114,55,6.63,3.22,2.06,1.18,0.263,1.39,0.294,68.20%,4.69,4.61,690.5
124,Félix Bautista,BAL,0,60,60,3,3,0,26,4,38,18,6,87,26,13.1,3.83,3.42,0.87,0.18,1.06,0.274,79.80%,2.65,2.93,63
125,Tobias Myers,MIL,23,42,140,5,5,12,0,1,127,63,19,127,47,8.12,3.04,2.67,1.23,0.236,1.25,0.274,71.80%,4.03,4.28,320.5
126,Erick Fedde,STL,29,29,165,10,10,14,0,0,162,82,22,134,57,7.29,3.09,2.36,1.2,0.254,1.33,0.29,69.00%,4.45,4.44,322.9
127,Quinn Mathews,STL,16,28,100,4,3,9,0,1,89,42,11,107,40,9.64,3.59,2.68,1,0.231,1.29,0.292,73.60%,3.74,3.8,384.4
128,Justin Verlander,SFG,24,24,140,9,8,13,0,0,130,61,20,125,40,8.03,2.59,3.1,1.27,0.236,1.22,0.272,72.40%,3.94,4.21,357.5
129,David Festa,MIN,16,42,107,3,3,9,0,1,94,44,12,115,42,9.7,3.56,2.72,1.01,0.23,1.28,0.292,73.70%,3.72,3.79,303.7
130,Mitch Spence,ATH,19,31,123,4,4,10,0,1,125,57,14,101,36,7.39,2.64,2.79,1.05,0.258,1.32,0.299,70.10%,4.18,4.05,575.2
131,Cade Smith,CLE,0,68,68,4,3,0,2,14,52,21,6,85,25,11.23,3.3,3.4,0.79,0.205,1.13,0.283,78.10%,2.82,3.04,366.5
132,Luis Garcia,HOU,19,33,123,4,4,10,0,1,110,56,18,124,40,9.01,2.89,3.12,1.33,0.234,1.21,0.279,71.60%,4.06,4.18,473.2
133,Eury Pérez,MIA,15,15,71,6,4,8,0,0,60,28,9,81,22,10.23,2.79,3.67,1.18,0.221,1.16,0.279,75.20%,3.5,3.66,466.3
134,Eduardo Rodriguez,ARI,24,32,145,6,7,12,0,1,143,71,18,125,49,7.75,3.04,2.55,1.15,0.256,1.33,0.3,68.90%,4.41,4.25,408
135,Grant Holmes,ATL,15,48,115,3,3,9,0,1,108,49,14,115,37,9.05,2.91,3.11,1.07,0.241,1.27,0.295,72.80%,3.84,3.81,299
136,Devin Williams,NYY,0,63,63,3,3,0,31,3,42,19,6,84,29,12,4.08,2.94,0.81,0.188,1.13,0.271,79.30%,2.74,3.16,40.1
137,Zack Littell,TBR,23,33,132,5,6,11,0,1,134,64,20,111,31,7.56,2.09,3.61,1.34,0.257,1.24,0.293,69.00%,4.37,4.24,398.7
138,Dean Kremer,BAL,24,24,132,8,9,12,0,0,125,62,18,119,45,8.12,3.1,2.62,1.25,0.245,1.3,0.285,70.70%,4.26,4.34,432.7
139,Martín Pérez,CHW,24,24,138,7,10,11,0,0,148,74,19,104,50,6.79,3.25,2.09,1.21,0.268,1.43,0.302,68.20%,4.82,4.63,707.1
140,Orion Kerkering,PHI,0,63,63,3,3,0,5,12,50,19,6,76,20,10.86,2.81,3.86,0.79,0.209,1.1,0.282,78.20%,2.76,2.96,305.4
141,Lance McCullers Jr.,HOU,11,39,105,6,5,7,0,1,95,43,11,102,42,8.8,3.58,2.46,0.92,0.238,1.3,0.295,73.60%,3.68,3.87,648.2
142,Andrew Painter,PHI,11,19,66,3,2,7,0,1,55,24,9,79,21,10.86,2.88,3.78,1.17,0.215,1.16,0.277,77.30%,3.33,3.54,999
143,Ryan Helsley,STL,0,66,66,3,3,0,35,2,46,20,6,82,25,11.16,3.44,3.24,0.85,0.195,1.09,0.268,78.50%,2.78,3.19,51.5
144,Shane Baz,TBR,24,36,141,6,6,12,0,1,128,65,18,131,55,8.36,3.53,2.37,1.17,0.238,1.3,0.282,71.20%,4.15,4.32,189.4
145,Frankie Montas,NYM,19,19,104,7,6,10,0,0,92,45,13,103,42,8.87,3.63,2.45,1.13,0.228,1.28,0.275,73.40%,3.87,4.18,418
146,Ryan Walker,SFG,0,68,68,4,3,0,28,5,54,22,6,80,23,10.55,3.1,3.4,0.78,0.212,1.14,0.285,76.90%,2.93,3.11,84.6
147,Tanner Scott,LAD,0,66,66,3,3,0,25,8,48,21,6,82,30,11.12,4.11,2.7,0.78,0.199,1.18,0.274,78.10%,2.92,3.34,117
148,Kutter Crawford,BOS,18,53,133,3,3,10,0,1,124,64,21,125,39,8.43,2.64,3.2,1.41,0.243,1.23,0.283,69.90%,4.3,4.33,340.9
149,Kyle Wright,KCR,13,35,94,2,2,7,0,1,96,43,9,80,31,7.69,2.95,2.6,0.89,0.262,1.36,0.312,69.90%,4.17,3.87,674.5
150,Matt Strahm,PHI,0,67,67,4,3,0,3,12,51,24,9,80,19,10.68,2.56,4.18,1.15,0.208,1.05,0.269,76.60%,3.16,3.43,480
151,Jose Quintana,MIL,24,24,133,8,9,12,0,0,132,65,18,109,48,7.39,3.27,2.26,1.23,0.25,1.36,0.284,70.50%,4.4,4.53,537.3
152,Josh Hader,HOU,0,68,68,4,3,0,33,2,47,23,8,92,28,12.14,3.7,3.28,1.08,0.191,1.1,0.267,78.10%,3.06,3.4,40
153,Mitchell Parker,WSN,26,36,148,6,7,12,0,1,143,75,20,123,58,7.49,3.56,2.1,1.24,0.251,1.36,0.287,69.10%,4.56,4.61,488.8
154,Simeon Woods Richardson,MIN,26,26,130,8,10,12,0,0,127,64,18,109,48,7.56,3.35,2.26,1.22,0.25,1.35,0.287,69.90%,4.45,4.51,513
155,Alec Marsh,KCR,18,36,110,3,4,9,0,1,109,54,14,102,42,8.37,3.39,2.47,1.15,0.254,1.37,0.304,70.00%,4.42,4.24,622.5
156,Aroldis Chapman,BOS,0,63,63,3,3,0,12,9,45,22,5,90,36,12.84,5.08,2.53,0.78,0.196,1.28,0.295,77.60%,3.13,3.29,285.3
157,Marcus Stroman,NYY,23,44,145,4,5,11,0,1,148,74,18,109,53,6.73,3.28,2.05,1.13,0.26,1.38,0.293,68.50%,4.58,4.53,564.8
158,Kyle Gibson,,23,23,128,7,8,10,0,0,134,67,17,101,45,7.12,3.18,2.24,1.19,0.264,1.4,0.302,68.50%,4.68,4.49,669.3
159,Jeff Hoffman,TOR,0,65,65,3,3,0,26,4,48,22,7,78,23,10.74,3.25,3.3,0.95,0.203,1.1,0.27,77.10%,3.01,3.36,103.6
160,Kyle Freeland,COL,28,28,150,7,12,10,0,0,174,90,25,105,42,6.3,2.55,2.47,1.51,0.287,1.45,0.313,65.00%,5.43,4.92,750.2
161,Bryan Abreu,HOU,0,72,72,4,4,0,2,14,55,26,8,91,30,11.4,3.77,3.03,0.95,0.206,1.18,0.283,76.80%,3.19,3.39,452.5
162,Zebby Matthews,MIN,11,39,89,2,2,7,0,1,87,38,12,85,20,8.59,2,4.29,1.22,0.246,1.2,0.292,72.30%,3.86,3.8,414.9
163,Luis Gil,NYY,16,29,99,4,3,9,0,1,78,42,13,112,48,10.17,4.39,2.31,1.22,0.209,1.27,0.261,75.30%,3.77,4.28,218.8
164,Chase Dollander,COL,18,18,94,6,7,8,0,0,89,48,13,97,44,9.27,4.25,2.18,1.28,0.244,1.42,0.297,70.70%,4.59,4.53,999
165,Justin Martinez,ARI,0,67,67,4,3,0,17,9,51,22,4,84,36,11.31,4.88,2.32,0.56,0.207,1.3,0.297,77.00%,3.01,3.24,187.6
166,Chris Paddack,MIN,16,55,125,3,3,9,0,1,125,60,18,112,35,8.09,2.49,3.25,1.29,0.254,1.28,0.296,70.00%,4.31,4.18,552.1
167,Jack Leiter,TEX,18,39,111,3,3,10,0,1,98,50,15,117,51,9.5,4.16,2.28,1.2,0.227,1.34,0.278,73.60%,4.05,4.32,529.4
168,Lance Lynn,,21,21,118,7,8,10,0,0,116,59,18,105,40,8.01,3.05,2.63,1.36,0.251,1.32,0.289,69.70%,4.52,4.5,604.5
169,Steven Matz,STL,18,42,115,3,3,9,0,1,115,55,14,97,37,7.55,2.86,2.64,1.12,0.255,1.32,0.297,69.80%,4.28,4.18,637.9
170,Chris Martin,TEX,0,58,58,3,3,0,20,6,52,22,6,59,14,9.22,2.12,4.35,0.99,0.233,1.13,0.29,73.80%,3.36,3.37,317.7
171,Austin Gomber,COL,26,26,143,7,11,10,0,0,163,86,24,100,39,6.32,2.48,2.55,1.54,0.285,1.42,0.309,64.70%,5.41,4.95,745.4
172,Colin Rea,CHC,19,31,125,4,4,10,0,1,125,61,18,101,36,7.27,2.57,2.83,1.3,0.254,1.29,0.286,69.50%,4.39,4.41,597.1
173,Clayton Kershaw,LAD,13,13,68,5,4,7,0,0,61,29,9,63,20,8.4,2.62,3.2,1.21,0.236,1.2,0.278,71.90%,3.89,4.05,518.9
174,Trevor Megill,MIL,0,64,64,3,3,0,28,2,49,22,7,79,26,11.11,3.64,3.05,1,0.203,1.17,0.271,77.80%,3.14,3.5,129.8
175,Rhett Lowder,CIN,18,42,116,3,4,9,0,1,118,60,16,90,41,6.98,3.18,2.2,1.23,0.261,1.37,0.294,67.90%,4.68,4.58,489.8
176,Joey Cantillo,CLE,16,33,99,3,3,9,0,1,86,43,11,99,46,9,4.16,2.16,1,0.23,1.33,0.284,72.80%,3.91,4.14,443.5
177,Michael Soroka,WSN,15,52,119,3,3,8,0,1,114,57,15,110,46,8.35,3.49,2.39,1.17,0.247,1.35,0.293,70.90%,4.3,4.31,508.8
178,Raisel Iglesias,ATL,0,68,68,4,3,0,32,1,56,25,8,74,20,9.75,2.6,3.75,1.02,0.221,1.11,0.281,74.60%,3.31,3.46,51.1
179,Javier Assad,CHC,21,45,137,4,4,11,0,1,132,66,17,115,53,7.55,3.49,2.16,1.13,0.246,1.35,0.285,70.40%,4.3,4.42,630.9
180,Osvaldo Bido,ATH,16,42,113,3,3,9,0,1,100,49,14,110,46,8.76,3.63,2.41,1.14,0.229,1.29,0.274,73.50%,3.89,4.22,437
181,JP Sears,ATH,31,31,175,9,12,14,0,0,175,91,29,142,50,7.33,2.59,2.83,1.52,0.255,1.29,0.283,68.40%,4.7,4.72,493.8
182,Tyler Anderson,LAA,29,29,170,9,12,13,0,0,168,91,28,132,63,7.02,3.34,2.1,1.47,0.253,1.36,0.278,68.20%,4.84,4.98,498.3
183,Hayden Wesneski,HOU,13,49,106,3,2,8,0,1,96,46,14,100,35,8.47,2.94,2.88,1.2,0.235,1.24,0.278,72.30%,3.93,4.12,413.7
184,Hayden Birdsong,SFG,18,40,107,3,3,10,0,1,91,46,12,117,53,9.82,4.46,2.2,1,0.226,1.35,0.289,73.40%,3.89,4.06,413.6
185,Antonio Senzatela,COL,23,42,133,3,6,9,0,1,155,79,19,94,46,6.33,3.1,2.04,1.3,0.287,1.51,0.318,65.80%,5.34,4.81,999
186,Jeremiah Estrada,SDP,0,63,63,3,3,0,3,14,44,21,7,86,29,12.22,4.12,2.96,0.95,0.193,1.16,0.275,78.30%,3.04,3.35,439.1
187,Bubba Chandler,PIT,15,15,73,5,5,7,0,0,67,33,8,71,34,8.75,4.22,2.07,1,0.239,1.39,0.292,72.20%,4.12,4.23,298.9
188,Pete Fairbanks,TBR,0,60,60,3,3,0,22,7,46,20,6,69,23,10.42,3.51,2.96,0.85,0.207,1.16,0.273,77.30%,3.02,3.39,144.7
189,Cade Cavalli,WSN,13,28,82,2,2,7,0,1,77,38,10,80,33,8.76,3.67,2.39,1.12,0.242,1.34,0.293,71.70%,4.17,4.2,622.3
190,Garrett Whitlock,BOS,0,67,67,4,3,0,2,16,61,26,7,68,17,9.16,2.29,4,1.01,0.236,1.16,0.293,73.20%,3.51,3.47,554.5
191,Jordan Montgomery,ARI,16,42,118,3,3,8,0,1,125,60,15,92,36,6.99,2.71,2.58,1.12,0.268,1.36,0.307,68.00%,4.56,4.27,448.5
192,Ben Joyce,LAA,0,62,62,3,3,0,7,10,45,21,5,75,32,10.95,4.59,2.39,0.8,0.198,1.24,0.27,77.80%,3.05,3.56,269.3
193,Robert Garcia,TEX,0,64,64,3,3,0,8,10,53,24,7,73,24,10.25,3.41,3.01,0.97,0.218,1.2,0.283,75.40%,3.37,3.56,531.5
194,Bailey Falter,PIT,19,43,126,3,4,9,0,1,128,64,18,94,37,6.66,2.63,2.53,1.3,0.258,1.31,0.286,68.10%,4.57,4.57,705
195,A.J. Puk,ARI,0,64,64,3,3,0,17,7,52,23,7,75,23,10.5,3.18,3.3,0.96,0.217,1.17,0.286,75.70%,3.27,3.41,246
196,Bryse Wilson,CHW,13,39,100,2,2,7,0,1,101,49,14,80,30,7.22,2.67,2.71,1.31,0.254,1.31,0.286,69.90%,4.43,4.47,746.6
197,DJ Herz,WSN,19,36,111,4,4,10,0,1,96,53,14,114,60,9.26,4.84,1.91,1.15,0.229,1.4,0.282,72.10%,4.29,4.54,320.5
198,Jason Adam,SDP,0,67,67,4,3,0,3,12,50,23,7,75,24,10.04,3.29,3.05,0.99,0.205,1.12,0.263,76.50%,3.13,3.59,336.8
199,Aaron Bummer,ATL,0,61,61,3,3,0,1,14,52,22,5,71,25,10.43,3.69,2.82,0.67,0.224,1.26,0.303,75.60%,3.19,3.2,740.8
200,Cal Quantrill,MIA,26,26,143,8,10,11,0,0,151,77,20,105,53,6.64,3.37,1.97,1.25,0.265,1.43,0.295,68.20%,4.85,4.76,697.7
201,Lucas Erceg,KCR,0,67,67,4,3,0,11,10,58,27,5,71,30,9.53,4.03,2.37,0.72,0.232,1.32,0.302,73.50%,3.56,3.57,216.4
202,Ben Lively,CLE,24,24,133,7,9,11,0,0,138,69,19,99,43,6.71,2.9,2.31,1.3,0.262,1.37,0.291,68.40%,4.7,4.66,526.6
203,Luke Weaver,NYY,0,68,68,4,3,0,6,13,55,26,9,76,23,10.11,3.06,3.31,1.14,0.214,1.15,0.269,76.20%,3.38,3.72,358.1
204,Tomoyuki Sugano,BAL,23,29,139,8,9,11,0,1,151,72,24,104,30,6.73,1.93,3.48,1.53,0.271,1.3,0.296,70.20%,4.67,4.66,351.9
205,Ryan Pressly,CHC,0,61,61,3,3,0,25,5,53,23,6,63,20,9.37,3.01,3.11,0.88,0.232,1.21,0.294,73.60%,3.46,3.48,156.5
206,Spencer Turnbull,,11,11,65,4,4,6,0,0,60,29,8,63,25,8.72,3.45,2.53,1.14,0.239,1.31,0.288,71.80%,4.08,4.16,671.2
207,Kyle Hendricks,LAA,24,24,129,7,10,10,0,0,138,70,21,89,38,6.19,2.65,2.33,1.44,0.266,1.37,0.286,67.70%,4.89,4.88,709
208,Keegan Akin,BAL,0,70,70,4,3,0,2,16,57,26,8,79,21,10.13,2.68,3.78,1.08,0.218,1.12,0.279,75.40%,3.31,3.49,689.9
209,Camilo Doval,SFG,0,62,62,3,3,0,10,12,49,21,4,75,28,10.86,4.12,2.64,0.63,0.213,1.25,0.296,76.60%,3.03,3.18,379.2
210,Jesus Tinoco,MIA,0,64,64,3,3,0,6,10,55,25,7,69,24,9.71,3.37,2.88,0.93,0.226,1.24,0.288,74.60%,3.49,3.61,424.3
211,Matt Waldron,SDP,13,21,80,3,3,7,0,1,79,38,12,63,21,7.16,2.33,3.07,1.31,0.253,1.25,0.284,69.40%,4.34,4.37,565.1
212,Hunter Harvey,KCR,0,60,60,3,3,0,2,14,53,23,6,63,20,9.47,2.98,3.18,0.89,0.233,1.21,0.298,73.30%,3.5,3.47,713.3
213,Cade Povich,BAL,15,27,86,3,3,8,0,1,80,40,11,80,35,8.38,3.62,2.32,1.15,0.24,1.33,0.285,71.50%,4.18,4.32,527.1
214,Ian Anderson,ATL,16,24,93,4,4,8,0,1,91,46,11,80,38,7.7,3.72,2.07,1.04,0.253,1.4,0.298,69.80%,4.4,4.34,561.2
215,Blake Treinen,LAD,0,59,59,3,3,0,6,14,48,22,7,66,18,10.09,2.75,3.66,1.07,0.216,1.12,0.276,75.60%,3.29,3.51,457.3
216,Jack Kochanowicz,LAA,15,29,95,2,3,7,0,1,103,49,11,56,30,5.31,2.81,1.89,1.03,0.272,1.4,0.295,67.10%,4.69,4.55,723
217,Tony Gonsolin,LAD,15,39,97,3,3,8,0,1,89,46,15,87,32,8.11,3.01,2.69,1.38,0.24,1.26,0.276,70.30%,4.32,4.5,425.4
218,Jackson Jobe,DET,19,31,108,4,4,10,0,1,99,51,14,95,47,7.91,3.9,2.03,1.16,0.237,1.35,0.276,71.50%,4.23,4.53,267.2
219,José Alvarado,PHI,0,60,60,3,3,0,3,10,47,21,5,71,26,10.66,3.88,2.74,0.8,0.209,1.21,0.282,76.80%,3.1,3.39,634.7
220,Drew Thorpe,CHW,16,16,87,5,6,7,0,0,86,45,12,67,34,6.89,3.48,1.98,1.27,0.255,1.38,0.285,68.50%,4.69,4.77,723.4
221,Yimi García,TOR,0,61,61,3,3,0,3,14,49,22,7,70,20,10.34,2.97,3.49,1.05,0.211,1.12,0.27,76.90%,3.18,3.5,547
222,Anthony Bender,MIA,0,60,60,3,3,0,5,12,52,23,6,65,23,9.73,3.38,2.88,0.84,0.227,1.25,0.292,74.80%,3.39,3.48,698.2
223,Kevin Ginkel,ARI,0,61,61,3,3,0,3,14,54,23,6,64,20,9.47,2.91,3.25,0.86,0.234,1.21,0.299,73.40%,3.45,3.41,606.9
224,Robert Suarez,SDP,0,65,65,3,3,0,28,4,52,25,7,67,24,9.32,3.34,2.79,0.98,0.217,1.18,0.272,74.40%,3.42,3.76,90.9
225,Michael Lorenzen,KCR,21,56,148,3,4,10,0,1,149,79,19,111,63,6.73,3.85,1.75,1.14,0.261,1.43,0.295,67.60%,4.81,4.74,536.9
226,Gregory Santos,SEA,0,62,62,3,3,0,5,13,52,21,5,64,23,9.31,3.31,2.81,0.71,0.22,1.21,0.28,75.90%,3.09,3.37,712.8
227,Paul Blackburn,NYM,16,46,116,3,3,8,0,1,117,58,16,92,40,7.14,3.07,2.33,1.21,0.255,1.35,0.289,69.50%,4.47,4.49,638.1
228,Cole Sands,MIN,0,64,64,3,3,0,1,15,55,25,8,69,20,9.73,2.83,3.44,1.07,0.225,1.18,0.283,74.70%,3.49,3.63,669.5
229,Ian Hamilton,NYY,0,60,60,3,3,0,1,15,50,22,6,66,25,9.87,3.71,2.66,0.87,0.218,1.24,0.281,75.60%,3.34,3.61,999
230,David Bednar,PIT,0,64,64,3,3,0,28,4,54,26,7,68,25,9.53,3.5,2.72,1.02,0.223,1.23,0.281,73.90%,3.6,3.82,132.2
231,Patrick Corbin,,16,16,89,5,6,7,0,0,100,49,13,67,29,6.79,2.89,2.35,1.31,0.277,1.45,0.31,67.60%,4.99,4.64,999
232,Pierce Johnson,ATL,0,64,64,3,3,0,2,12,53,25,7,78,28,10.91,3.95,2.76,1,0.218,1.26,0.29,75.40%,3.52,3.64,706.7
233,Adrian Morejon,SDP,0,61,61,3,3,0,1,12,51,22,6,67,21,9.9,3.12,3.17,0.94,0.218,1.18,0.279,76.00%,3.25,3.5,619.7
234,Tylor Megill,NYM,6,53,84,3,2,5,0,1,73,34,9,85,32,9.14,3.48,2.62,1.01,0.229,1.26,0.283,73.40%,3.7,3.89,423.6
235,Johan Oviedo,PIT,10,32,74,2,2,6,0,1,72,35,8,65,31,7.81,3.69,2.12,1.01,0.248,1.37,0.292,71.00%,4.2,4.26,730.1
236,A.J. Minter,NYM,0,54,54,3,3,0,2,11,42,20,6,60,19,9.96,3.17,3.14,1.04,0.212,1.14,0.269,75.70%,3.28,3.64,675.5
237,Noah Schultz,CHW,6,6,33,2,2,3,0,0,31,14,4,34,13,9.25,3.41,2.71,1.01,0.238,1.31,0.295,73.50%,3.82,3.85,999
238,Ryne Nelson,ARI,10,55,98,2,2,6,0,1,98,47,13,79,27,7.22,2.46,2.94,1.16,0.256,1.27,0.293,69.00%,4.28,4.19,394.9
239,Colin Holderman,PIT,0,62,62,3,3,0,3,13,53,24,6,66,26,9.6,3.73,2.57,0.87,0.224,1.27,0.285,74.80%,3.47,3.68,730.2
240,Yariel Rodríguez,TOR,11,59,102,3,3,7,0,1,89,46,13,102,46,9.05,4.04,2.24,1.13,0.232,1.32,0.283,71.90%,4.11,4.28,537.2
241,Matthew Liberatore,STL,5,65,84,3,3,4,2,12,79,37,9,77,31,8.19,3.33,2.46,0.99,0.242,1.3,0.29,71.70%,3.94,4.02,692.8
242,Jason Foley,DET,0,63,63,3,3,0,13,7,60,26,6,55,20,7.84,2.85,2.75,0.81,0.245,1.26,0.295,71.60%,3.69,3.67,292.7
243,David Robertson,,0,57,57,3,3,0,0,0,45,21,6,69,24,10.9,3.85,2.83,0.95,0.21,1.21,0.281,76.20%,3.3,3.54,424.7
244,Fernando Cruz,NYY,0,61,61,3,3,0,0,13,46,23,7,80,28,11.83,4.18,2.83,1.07,0.202,1.22,0.276,77.20%,3.35,3.63,710.8
245,Anthony DeSclafani,,10,10,52,3,3,5,0,0,53,25,8,43,14,7.42,2.34,3.17,1.31,0.253,1.27,0.286,70.10%,4.3,4.31,749.5
246,Kenley Jansen,LAA,0,60,60,3,3,0,26,4,46,24,8,70,24,10.47,3.54,2.96,1.27,0.206,1.16,0.259,75.80%,3.55,3.99,147.4
247,J.T. Ginn,ATH,13,35,91,2,2,7,0,1,95,45,10,68,33,6.74,3.24,2.08,1.03,0.263,1.4,0.3,69.00%,4.5,4.38,735.8
248,Jared Koenig,MIL,0,62,62,3,3,0,2,11,54,24,7,61,22,8.91,3.25,2.75,0.99,0.226,1.23,0.276,74.20%,3.54,3.83,729.8
249,Cody Bradford,TEX,10,47,87,2,2,6,0,1,85,42,14,70,19,7.31,1.93,3.79,1.47,0.25,1.2,0.277,69.50%,4.32,4.43,323.2
250,Justin Slaten,BOS,0,64,64,3,3,0,0,13,57,26,7,69,25,9.72,3.46,2.81,0.95,0.231,1.27,0.295,73.90%,3.63,3.67,467.6
251,Reed Garrett,NYM,0,66,66,3,3,0,0,15,52,23,6,79,31,10.83,4.23,2.56,0.88,0.207,1.25,0.276,77.40%,3.2,3.58,743.4
252,Tim Herrin,CLE,0,62,62,3,3,0,0,14,53,23,5,66,25,9.64,3.64,2.65,0.79,0.226,1.26,0.292,74.50%,3.39,3.51,750.6
253,Will Vest,DET,0,68,68,4,3,0,2,12,61,27,6,66,23,8.77,3.02,2.9,0.85,0.235,1.23,0.293,72.90%,3.53,3.57,728.5
254,Justin Anderson,CHW,0,63,63,3,3,0,7,11,55,27,7,68,31,9.71,4.46,2.18,0.97,0.228,1.37,0.29,73.90%,3.86,4.04,655.8
255,Yennier Cano,BAL,0,61,61,3,3,0,1,12,52,22,5,64,23,9.51,3.35,2.84,0.69,0.227,1.23,0.296,74.50%,3.23,3.3,700.8
256,Alex Wood,,13,13,69,4,5,6,0,0,72,37,10,55,25,7.22,3.26,2.21,1.26,0.265,1.41,0.301,68.20%,4.79,4.61,999
257,Trevor Williams,WSN,15,53,111,3,3,7,0,1,116,59,17,87,35,7.03,2.83,2.48,1.39,0.263,1.36,0.294,67.80%,4.81,4.69,526.1
258,Will Warren,NYY,5,43,66,2,2,4,0,1,61,28,7,62,24,8.47,3.25,2.61,0.99,0.241,1.29,0.292,72.10%,3.89,3.93,600.8
259,Kirby Yates,LAD,0,60,60,3,3,0,9,11,45,24,7,72,29,10.85,4.33,2.5,1.08,0.205,1.23,0.271,75.20%,3.55,3.91,193.8
260,Calvin Faucher,MIA,0,63,63,3,3,0,22,6,58,27,6,66,28,9.4,4.03,2.33,0.9,0.237,1.37,0.3,73.30%,3.86,3.87,310.2
261,Manuel Rodríguez,TBR,0,61,61,3,3,0,2,13,55,23,5,63,22,9.29,3.28,2.83,0.8,0.232,1.26,0.294,74.20%,3.44,3.49,748.9
262,Liam Hendriks,BOS,0,61,61,3,3,0,23,6,56,27,8,61,21,8.98,3.12,2.88,1.11,0.241,1.26,0.296,71.10%,4.01,3.95,240.4
263,Dylan Lee,ATL,0,62,62,3,3,0,0,13,52,24,8,70,19,10.19,2.76,3.7,1.14,0.221,1.14,0.281,74.70%,3.47,3.6,748
264,Randy Vásquez,SDP,10,25,64,2,2,5,0,1,63,30,8,51,22,7.17,3.05,2.35,1.15,0.25,1.32,0.284,70.30%,4.27,4.38,715.4
265,Joel Payamps,MIL,0,61,61,3,3,0,2,13,50,23,7,63,20,9.27,2.95,3.14,1.09,0.217,1.16,0.266,75.40%,3.4,3.8,498.7
266,Kyle Hart,SDP,15,39,105,2,3,7,0,1,104,54,15,76,39,6.51,3.31,1.96,1.26,0.253,1.36,0.278,68.90%,4.61,4.79,512.1
267,Bryan Hudson,MIL,0,60,60,3,3,0,1,11,48,22,7,65,21,9.7,3.18,3.05,1.02,0.214,1.16,0.27,75.60%,3.31,3.67,999
268,Ryan Brasier,CHC,0,58,58,3,3,0,2,13,50,23,6,57,18,8.85,2.75,3.22,0.99,0.23,1.16,0.283,72.80%,3.53,3.67,746.9
269,Tyler Holton,DET,0,72,72,4,4,0,6,13,63,29,8,62,19,7.77,2.4,3.23,0.99,0.233,1.14,0.275,71.80%,3.57,3.8,462.3
270,Kyle Finnegan,WSN,0,64,64,3,3,0,22,6,58,28,7,62,25,8.73,3.46,2.53,0.99,0.237,1.28,0.29,72.10%,3.87,3.95,310.8
271,Dustin May,LAD,5,52,72,2,2,4,0,4,63,31,9,67,24,8.29,2.94,2.82,1.09,0.233,1.2,0.277,71.60%,3.8,4,422
272,Landen Roupp,SFG,5,55,74,3,2,4,0,4,63,29,7,78,32,9.47,3.93,2.41,0.8,0.225,1.29,0.289,74.40%,3.48,3.67,563.4
273,Fraser Ellard,CHW,0,62,62,3,3,0,6,10,56,27,6,65,31,9.49,4.5,2.11,0.93,0.233,1.4,0.295,73.40%,3.94,4.05,749.4
274,Dennis Santana,PIT,0,66,66,3,3,0,2,12,59,28,7,65,27,8.89,3.7,2.4,0.95,0.235,1.31,0.29,72.70%,3.83,3.94,621.5
275,Emilio Pagán,CIN,0,64,64,3,3,0,3,12,55,29,10,68,23,9.52,3.23,2.94,1.34,0.228,1.22,0.277,72.10%,4.04,4.19,731.4
276,Jordan Romano,PHI,0,59,59,3,3,0,23,4,50,25,8,62,23,9.53,3.58,2.66,1.15,0.226,1.25,0.281,72.90%,3.86,4.05,177
277,JoJo Romero,STL,0,61,61,3,3,0,1,13,55,24,6,60,20,8.82,3.01,2.93,0.88,0.234,1.23,0.291,73.20%,3.54,3.61,739.6
278,Taylor Rogers,CIN,0,62,62,3,3,0,3,13,55,27,8,69,26,10.05,3.75,2.68,1.22,0.227,1.3,0.284,74.00%,3.93,4.08,569.4
279,Jose A. Ferrer,WSN,0,62,62,3,3,0,3,11,58,26,6,56,22,8.06,3.13,2.58,0.83,0.242,1.28,0.293,72.20%,3.7,3.75,583.3
280,Seth Halvorsen,COL,0,63,63,3,3,0,9,8,60,30,7,63,29,9.05,4.21,2.15,0.99,0.247,1.42,0.306,71.50%,4.25,4.14,362
281,Bryce Elder,ATL,6,16,49,1,1,3,0,1,50,23,6,39,16,7.26,2.97,2.45,1.02,0.26,1.36,0.302,69.60%,4.31,4.15,745.3
282,AJ Smith-Shawver,ATL,8,48,79,2,2,5,0,1,67,35,10,85,35,9.58,4,2.4,1.19,0.223,1.28,0.275,73.20%,3.94,4.23,475.1
283,Edwin Uceta,TBR,0,65,65,3,3,0,9,11,52,25,8,72,26,9.96,3.59,2.78,1.1,0.212,1.2,0.266,76.00%,3.45,3.88,328.7
284,Caden Dana,LAA,13,13,69,4,5,6,0,0,66,36,11,60,29,7.82,3.84,2.04,1.45,0.246,1.39,0.278,69.60%,4.76,4.95,583.4
285,Griffin Canning,NYM,11,46,100,2,2,6,0,1,97,51,15,82,36,7.4,3.22,2.3,1.31,0.251,1.33,0.284,69.10%,4.55,4.62,535.5
286,Brock Burke,LAA,0,66,66,3,3,0,1,16,59,29,8,66,24,9.01,3.21,2.81,1.16,0.234,1.25,0.283,72.60%,3.91,4.04,749.8
287,Gus Varland,CHW,0,64,64,3,3,0,8,11,62,29,7,61,25,8.59,3.53,2.44,1.04,0.243,1.35,0.292,72.70%,4.02,4.08,747.8
288,Alex Vesia,LAD,0,58,58,3,3,0,0,14,42,22,8,72,24,11.24,3.78,2.98,1.26,0.197,1.15,0.255,77.30%,3.4,3.89,707
289,Joey Estes,ATH,16,33,106,3,3,8,0,1,106,54,18,80,29,6.81,2.43,2.8,1.53,0.251,1.27,0.272,68.90%,4.6,4.8,723
290,Caleb Ferguson,PIT,0,60,60,3,3,0,1,11,54,24,6,63,25,9.49,3.68,2.58,0.83,0.235,1.32,0.3,73.80%,3.63,3.63,999
291,Tanner Banks,PHI,0,68,68,4,3,0,0,12,62,29,8,67,22,8.91,2.94,3.03,1.08,0.237,1.23,0.289,72.40%,3.8,3.85,750.2
292,Ryan Thompson,ARI,0,63,63,3,3,0,0,13,59,25,6,55,20,7.88,2.88,2.74,0.79,0.243,1.25,0.294,71.80%,3.64,3.65,999
293,Andrew Kittredge,BAL,0,64,64,3,3,0,2,13,58,27,8,60,20,8.46,2.82,3,1.08,0.237,1.21,0.285,71.60%,3.83,3.91,580.2
294,Nick Nastrini,CHW,13,23,75,2,3,6,0,1,70,39,11,67,41,8.1,4.88,1.66,1.27,0.241,1.48,0.28,70.80%,4.71,4.98,999
295,Ryan Fernandez,STL,0,65,65,3,3,0,1,16,58,27,7,65,26,8.99,3.65,2.46,0.92,0.235,1.3,0.293,72.60%,3.79,3.85,664.3
296,Brock Stewart,MIN,0,56,56,3,3,0,1,9,44,21,6,68,23,10.98,3.72,2.95,0.96,0.212,1.2,0.285,75.80%,3.32,3.5,749.8
297,José Leclerc,ATH,0,64,64,3,3,0,3,13,50,25,8,76,29,10.66,4.1,2.6,1.1,0.21,1.24,0.272,76.00%,3.53,3.89,577.2
298,Jordan Wicks,CHC,6,21,48,1,1,3,0,1,46,22,6,43,17,7.92,3.16,2.51,1.1,0.245,1.3,0.288,71.00%,4.12,4.19,694.9
299,Seranthony Domínguez,BAL,0,62,62,3,3,0,3,12,50,24,7,69,25,10.01,3.59,2.78,1.04,0.215,1.2,0.274,75.10%,3.47,3.77,600.4
300,Derek Law,WSN,0,72,72,4,4,0,5,13,69,32,8,62,26,7.81,3.22,2.42,0.99,0.246,1.31,0.291,71.00%,4.03,4.07,699
301,Triston McKenzie,CLE,18,42,116,3,3,9,0,1,109,60,18,106,52,8.2,4.02,2.04,1.4,0.241,1.39,0.278,70.50%,4.64,4.85,510.7
302,Michel Otañez,ATH,0,61,61,3,3,0,0,13,46,23,6,79,36,11.59,5.26,2.2,0.82,0.204,1.34,0.285,77.10%,3.35,3.69,745.6
303,Wade Miley,CIN,10,10,51,3,4,4,0,0,52,28,8,35,18,6.25,3.24,1.93,1.35,0.263,1.39,0.286,67.30%,4.92,4.94,749.9
304,Kenta Maeda,DET,8,54,90,2,2,5,0,1,88,45,14,78,27,7.82,2.69,2.91,1.39,0.252,1.28,0.288,69.20%,4.49,4.46,634.6
305,Cam Booser,CHW,0,60,60,3,3,0,0,11,53,26,7,63,25,9.51,3.77,2.52,1.1,0.231,1.31,0.287,73.30%,3.91,4.05,999
306,Beau Brieske,DET,0,66,66,3,3,0,10,10,56,27,8,65,26,8.93,3.57,2.5,1.03,0.225,1.25,0.275,73.80%,3.68,3.99,494.8
307,Nick Mears,MIL,0,59,59,3,3,0,0,11,45,22,7,74,29,11.26,4.44,2.54,1,0.203,1.26,0.273,77.20%,3.34,3.73,734.4
308,Ben Brown,CHC,3,31,46,1,1,3,0,1,37,18,5,51,19,9.86,3.75,2.63,0.95,0.218,1.22,0.28,74.40%,3.49,3.74,419.5
309,Greg Weissert,BOS,0,60,60,3,3,0,0,12,56,26,7,63,22,9.39,3.37,2.79,1.01,0.241,1.31,0.302,72.60%,3.89,3.8,999
310,Garrett Cleavinger,TBR,0,63,63,3,3,0,3,15,52,25,7,73,29,10.38,4.2,2.47,1.01,0.217,1.29,0.283,75.00%,3.61,3.86,733.2
311,Mark Leiter Jr.,NYY,0,58,58,3,3,0,0,12,49,23,7,65,22,10.13,3.44,2.95,1.1,0.221,1.22,0.281,74.80%,3.6,3.79,750.4
312,Stephen Kolek,SDP,3,31,49,1,1,3,0,1,46,21,5,43,18,7.9,3.34,2.37,0.9,0.242,1.33,0.289,72.50%,3.85,3.96,999
313,Declan Cronin,MIA,0,67,67,4,3,0,1,13,67,30,6,59,26,7.86,3.45,2.28,0.8,0.256,1.39,0.309,70.90%,4.06,3.87,999
314,Porter Hodge,CHC,0,63,63,3,3,0,11,10,49,24,6,70,33,9.95,4.71,2.11,0.86,0.21,1.31,0.272,75.80%,3.44,3.92,293.3
315,Louis Varland,MIN,2,56,61,3,3,3,0,7,53,22,6,64,19,9.44,2.72,3.47,0.87,0.225,1.17,0.285,75.40%,3.22,3.36,739.7
316,Danny Young,NYM,0,56,56,3,3,0,0,10,46,20,5,65,26,10.51,4.2,2.5,0.78,0.212,1.29,0.282,77.40%,3.17,3.5,999
317,Aaron Ashby,MIL,5,42,63,2,2,4,0,1,54,27,6,64,36,9.11,5.15,1.77,0.8,0.227,1.43,0.287,73.80%,3.84,4.17,441.5
318,Trent Thornton,SEA,0,67,67,4,3,0,0,14,55,25,8,70,23,9.34,3.14,2.97,1.03,0.217,1.17,0.268,75.40%,3.38,3.77,749.5
319,Adam Mazur,MIA,6,6,36,2,2,3,0,0,36,17,5,28,11,7.19,2.7,2.67,1.34,0.249,1.3,0.277,70.80%,4.34,4.53,743.9
320,Tony Santillan,CIN,0,58,58,3,3,0,1,11,48,25,7,68,29,10.55,4.5,2.35,1.16,0.218,1.32,0.28,74.30%,3.9,4.14,554.9
321,Logan Allen,CLE,6,6,37,2,2,3,0,0,36,18,5,31,14,7.5,3.4,2.2,1.16,0.255,1.37,0.294,69.30%,4.5,4.45,743.8
322,Sean Hjelle,SFG,0,66,66,3,3,0,0,13,67,28,6,56,19,7.63,2.62,2.91,0.76,0.256,1.31,0.306,71.30%,3.78,3.57,999
323,Victor Vodnik,COL,0,66,66,3,3,0,3,11,65,32,7,65,32,8.8,4.43,1.99,0.9,0.254,1.48,0.317,70.60%,4.38,4.14,690.2
324,Gregory Soto,BAL,0,59,59,3,3,0,0,10,49,23,5,66,26,10.03,4.02,2.49,0.81,0.222,1.28,0.292,74.80%,3.45,3.6,999
325,Carlos Estévez,KCR,0,64,64,3,3,0,21,6,57,29,8,61,24,8.6,3.41,2.53,1.12,0.237,1.27,0.287,70.80%,4.07,4.15,158.2
326,Slade Cecconi,CLE,3,42,58,2,2,3,0,1,56,26,8,49,14,7.54,2.08,3.62,1.19,0.248,1.2,0.285,70.30%,4,4.03,591.5
327,Tyler Rogers,SFG,0,70,70,4,3,0,1,14,68,30,7,53,16,6.87,2.12,3.24,0.95,0.25,1.21,0.286,70.30%,3.82,3.85,747.8
328,Tommy Kahnle,DET,0,58,58,3,3,0,2,10,50,23,5,61,24,9.41,3.74,2.52,0.84,0.227,1.27,0.29,73.80%,3.54,3.68,591.6
329,Angel Zerpa,KCR,0,59,59,3,3,0,0,12,58,26,6,51,19,7.72,2.95,2.62,0.86,0.252,1.31,0.301,70.90%,3.92,3.81,999
330,John Schreiber,KCR,0,61,61,3,3,0,1,12,57,27,6,57,24,8.43,3.59,2.35,0.92,0.244,1.34,0.298,71.70%,3.97,3.95,999
331,Shinnosuke Ogasawara,WSN,11,46,80,0,0,5,0,0,81,44,12,74,33,8.28,3.7,2.24,1.35,0.244,1.42,0.281,68.60%,4.91,4.69,689.3
332,Hoby Milner,TEX,0,58,58,3,3,0,0,11,56,25,7,52,16,8.01,2.49,3.22,1.04,0.247,1.24,0.292,71.40%,3.88,3.85,999
333,Brandon Sproat,NYM,5,5,24,2,2,3,0,0,21,11,3,23,10,8.41,3.86,2.18,1,0.232,1.3,0.281,71.90%,3.93,4.17,999
334,Jakob Junis,CLE,2,62,68,3,3,3,0,11,66,30,9,58,17,7.73,2.22,3.48,1.13,0.248,1.21,0.289,70.40%,3.97,3.94,606.4
335,Bryan King,HOU,0,60,60,3,3,0,0,12,53,24,7,63,23,9.4,3.51,2.68,0.99,0.23,1.28,0.287,74.30%,3.65,3.81,999
336,Michael Tonkin,MIN,0,63,63,3,3,0,0,12,56,26,8,66,23,9.37,3.31,2.83,1.07,0.23,1.25,0.285,73.60%,3.73,3.87,999
337,Braxton Ashcraft,PIT,3,33,47,2,1,2,0,1,47,22,6,39,13,7.49,2.54,2.95,1.11,0.256,1.29,0.297,69.60%,4.22,4.08,999
338,Elvis Peguero,MIL,0,56,56,3,3,0,0,9,49,22,5,55,24,8.92,3.84,2.32,0.79,0.227,1.3,0.284,74.40%,3.5,3.75,999
339,Mason Adams,CHW,5,5,26,1,2,2,0,0,28,14,3,18,9,6.21,3.01,2.06,1.14,0.27,1.4,0.3,67.20%,4.77,4.57,999
340,Kevin Kelly,TBR,0,53,53,3,3,0,0,5,49,20,5,50,14,8.43,2.3,3.67,0.84,0.236,1.17,0.289,73.40%,3.35,3.39,750.9
341,José Buttó,NYM,0,63,63,3,3,0,1,16,51,25,6,60,27,8.62,3.92,2.2,0.92,0.216,1.24,0.263,74.40%,3.5,4.03,653.4
342,Trevor Rogers,BAL,6,27,57,1,1,3,0,1,58,29,8,47,21,7.4,3.39,2.19,1.22,0.259,1.39,0.296,68.90%,4.64,4.55,694.2
343,Tyler Kinley,COL,0,64,64,3,3,0,18,6,61,32,9,65,28,9.19,4,2.3,1.24,0.248,1.4,0.303,70.10%,4.56,4.39,550
344,Alexis Díaz,CIN,0,65,65,3,3,0,28,3,53,30,9,69,32,9.6,4.38,2.19,1.24,0.22,1.3,0.27,72.70%,4.09,4.43,147.1
345,Scott Alexander,COL,0,56,56,3,3,0,0,9,59,27,5,45,19,7.15,3.11,2.3,0.86,0.269,1.39,0.316,68.50%,4.36,3.99,999
346,Craig Kimbrel,,0,40,40,2,2,0,0,0,31,16,5,48,19,10.9,4.28,2.54,1.09,0.21,1.26,0.277,75.40%,3.6,3.89,677.4
347,Joe Mantiply,ARI,0,59,59,3,3,0,0,11,58,26,6,52,17,7.88,2.66,2.96,0.92,0.252,1.27,0.302,70.70%,3.92,3.77,999
348,Tink Hence,STL,3,3,17,1,1,2,0,0,16,8,2,16,6,8.58,3.32,2.58,1,0.24,1.27,0.293,71.20%,3.93,3.94,999
349,Joe Kelly,,0,34,34,2,2,0,0,0,28,13,3,39,17,10.26,4.51,2.27,0.84,0.217,1.31,0.286,75.30%,3.48,3.75,999
350,Erik Miller,SFG,0,61,61,3,3,0,1,12,47,23,5,72,33,10.59,4.9,2.16,0.8,0.211,1.32,0.284,75.70%,3.43,3.76,999
351,Jorge López,WSN,0,60,60,3,3,0,7,12,57,27,7,54,23,8.11,3.52,2.3,0.99,0.246,1.35,0.294,71.40%,4.08,4.11,418.8
352,Tyler Ferguson,ATH,0,62,62,3,3,0,1,15,50,25,6,69,31,9.99,4.56,2.19,0.92,0.216,1.32,0.279,75.20%,3.58,3.94,748.9
353,Andrew Nardi,MIA,0,50,50,3,2,0,0,4,41,19,6,62,20,11.09,3.51,3.16,1.07,0.217,1.21,0.289,75.50%,3.48,3.56,733.3
354,Justin Wilson,BOS,0,58,58,3,3,0,0,10,55,25,8,61,19,9.4,3.01,3.13,1.21,0.239,1.29,0.291,73.50%,3.94,3.96,999
355,Brendon Little,TOR,0,56,56,3,3,0,0,10,51,22,4,53,26,8.51,4.16,2.05,0.64,0.236,1.37,0.295,73.40%,3.6,3.73,999
356,Dedniel Núñez,NYM,0,49,49,3,2,0,0,4,37,16,5,58,20,10.57,3.63,2.91,0.92,0.201,1.15,0.264,78.10%,3,3.49,735.2
357,Anthony Banda,LAD,0,57,57,3,3,0,0,13,51,24,7,57,23,9.07,3.61,2.51,1.04,0.23,1.3,0.282,73.90%,3.77,3.99,999
358,Carson Whisenhunt,SFG,3,24,38,1,1,2,0,1,34,16,4,39,16,9.28,3.75,2.48,1.02,0.232,1.31,0.288,73.50%,3.82,3.97,999
359,Jorge Alcala,MIN,0,60,60,3,3,0,1,12,48,25,8,65,25,9.76,3.81,2.56,1.13,0.215,1.22,0.269,74.10%,3.68,4.04,999
360,Sam Moll,CIN,0,55,55,3,3,0,0,10,48,24,7,56,24,9.11,3.89,2.34,1.09,0.229,1.31,0.281,73.00%,3.92,4.15,999
361,Carmen Mlodzinski,PIT,0,61,61,3,3,0,1,12,57,27,6,56,25,8.28,3.69,2.24,0.94,0.242,1.34,0.293,71.70%,4,4.06,750.8
362,Michael Kopech,LAD,0,53,53,3,3,0,3,10,37,19,6,67,28,11.34,4.68,2.42,1.09,0.192,1.23,0.255,78.00%,3.3,3.92,490.9
363,Chad Green,TOR,0,63,63,3,3,0,5,12,56,28,9,59,21,8.43,2.96,2.85,1.22,0.237,1.22,0.281,70.80%,4.05,4.17,496.6
364,Richard Fitts,BOS,3,39,54,2,2,2,0,1,56,27,7,42,17,6.98,2.74,2.55,1.19,0.262,1.34,0.297,68.70%,4.5,4.37,678.9
365,Tyson Miller,CHC,0,62,62,3,3,0,1,12,55,26,8,59,20,8.61,2.9,2.97,1.15,0.23,1.21,0.274,73.30%,3.74,4,749.5
366,Shawn Armstrong,TEX,0,61,61,3,3,0,1,12,57,28,8,59,21,8.73,3.17,2.76,1.18,0.24,1.28,0.288,71.90%,4.06,4.13,999
367,Gabe Speier,SEA,0,58,58,3,3,0,0,10,49,22,6,60,21,9.24,3.19,2.9,0.98,0.223,1.2,0.278,74.40%,3.47,3.73,999
368,Jake Bird,COL,0,61,61,3,3,0,1,10,63,30,7,56,26,8.21,3.79,2.17,1,0.26,1.45,0.313,70.30%,4.45,4.19,999
369,Paul Sewald,CLE,0,59,59,3,3,0,1,12,48,23,8,64,20,9.7,3.12,3.11,1.22,0.215,1.15,0.265,74.70%,3.57,3.94,566
370,John King,STL,0,59,59,3,3,0,0,12,61,27,5,42,17,6.4,2.62,2.44,0.76,0.265,1.33,0.305,69.00%,4.08,3.85,999
371,Ryan Burr,TOR,0,50,50,3,2,0,0,4,43,20,6,57,18,10.34,3.17,3.26,1.09,0.224,1.21,0.289,74.50%,3.58,3.64,999
372,José Ruiz,PHI,0,62,62,3,3,0,0,10,55,27,8,64,25,9.32,3.62,2.58,1.14,0.23,1.29,0.283,73.20%,3.91,4.09,999
373,Daysbel Hernández,ATL,0,58,58,3,3,0,0,11,46,23,6,69,30,10.68,4.6,2.32,0.98,0.213,1.31,0.281,75.50%,3.59,3.88,747.7
374,Shane Smith,CHW,0,58,58,3,3,0,0,10,53,26,7,57,25,8.83,3.89,2.27,1.04,0.239,1.35,0.292,72.00%,4.08,4.15,749.5
375,Chayce McDermott,BAL,3,31,46,1,1,2,0,1,39,21,5,50,25,9.73,4.84,2.01,1.04,0.222,1.37,0.281,73.40%,3.98,4.28,734.1
376,Jairo Iriarte,CHW,8,30,67,1,2,4,0,1,66,37,9,53,36,7.21,4.88,1.48,1.18,0.256,1.54,0.292,68.90%,4.99,5.06,749
377,DL Hall,MIL,3,31,44,2,2,2,0,1,40,20,5,44,21,9.05,4.33,2.09,1.09,0.234,1.38,0.287,72.40%,4.14,4.32,648.9
378,Craig Yoho,MIL,0,47,47,2,2,0,0,1,35,15,4,63,21,12.04,4.02,2.99,0.86,0.199,1.19,0.282,78.70%,2.96,3.21,999
379,Matt Brash,SEA,0,48,48,3,2,0,0,1,35,15,4,63,21,11.79,4.01,2.94,0.76,0.199,1.18,0.282,78.90%,2.83,3.12,675.8
380,Jordan Leasure,CHW,0,62,62,3,3,0,0,10,54,27,7,65,29,9.42,4.26,2.21,1.09,0.228,1.35,0.282,73.50%,3.96,4.21,749.5
381,Brant Hurter,DET,0,60,60,3,3,0,0,5,58,26,6,49,16,7.42,2.46,3.02,0.9,0.251,1.25,0.296,70.60%,3.84,3.76,568.6
382,Evan Phillips,LAD,0,50,50,3,2,0,0,7,39,17,6,57,16,10.18,2.8,3.64,1,0.21,1.09,0.271,76.50%,3.1,3.41,629.4
383,Caleb Thielbar,CHC,0,56,56,3,3,0,0,10,46,22,7,61,22,9.79,3.52,2.78,1.11,0.219,1.22,0.274,74.60%,3.61,3.9,999
384,Robby Snelling,MIA,5,5,24,1,2,2,0,0,25,13,3,19,10,6.94,3.7,1.87,1.16,0.26,1.44,0.295,68.80%,4.72,4.68,999
385,Kyle Bradish,BAL,2,12,17,1,0,1,0,1,15,7,2,18,5,9.27,2.83,3.28,0.91,0.229,1.17,0.29,73.50%,3.42,3.49,670.3
386,Danny Coulombe,MIN,0,51,51,3,3,0,0,4,45,21,6,52,16,9.17,2.87,3.19,1.09,0.231,1.19,0.285,72.70%,3.7,3.79,999
387,Brennan Bernardino,BOS,0,52,52,3,3,0,0,4,50,23,6,52,20,9.08,3.49,2.6,0.97,0.246,1.35,0.307,71.90%,4.01,3.85,999
388,Keider Montero,DET,3,20,35,1,1,2,0,1,34,17,4,30,14,7.55,3.44,2.2,1.12,0.248,1.34,0.288,70.00%,4.32,4.4,723
389,Tayler Scott,HOU,0,65,65,3,3,0,1,16,57,29,8,66,28,9.1,3.94,2.31,1.07,0.23,1.31,0.283,72.80%,3.95,4.15,749.9
390,Hunter Gaddis,CLE,0,65,65,3,3,0,0,17,58,28,9,58,21,8.08,2.86,2.83,1.19,0.231,1.21,0.268,72.60%,3.83,4.17,696.1
391,Joe Boyle,TBR,5,41,58,2,2,4,0,1,45,26,6,68,42,10.55,6.41,1.65,0.87,0.212,1.49,0.284,74.30%,3.98,4.39,649.6
392,Kaleb Ort,HOU,0,62,62,3,3,0,0,13,51,26,8,68,27,9.88,3.92,2.52,1.2,0.215,1.25,0.266,75.10%,3.73,4.16,999
393,Mason Black,SFG,3,37,51,2,2,2,0,1,49,24,6,45,19,7.84,3.38,2.32,1.08,0.248,1.34,0.292,70.50%,4.23,4.25,999
394,Luke Jackson,TEX,0,55,55,3,3,0,0,10,48,24,6,58,25,9.52,4.17,2.28,1.01,0.23,1.34,0.289,73.10%,3.91,4.05,999
395,Forrest Whitley,HOU,0,59,59,3,3,0,0,11,51,25,6,61,27,9.32,4.18,2.23,0.95,0.227,1.33,0.285,73.70%,3.78,4.01,750.3
396,Mason Montgomery,TBR,0,60,60,3,3,0,1,12,52,25,7,61,25,9.09,3.69,2.47,1.03,0.228,1.28,0.281,73.40%,3.78,4.01,606.4
397,Bobby Miller,LAD,2,42,47,2,2,2,0,1,42,21,5,42,17,8.08,3.23,2.5,1.04,0.238,1.26,0.284,70.90%,3.96,4.09,398.8
398,Carlos Rodriguez,MIL,3,15,31,1,1,2,0,1,28,15,4,28,13,7.95,3.81,2.09,1.28,0.231,1.31,0.264,71.70%,4.23,4.67,999
399,Phil Maton,,0,56,56,3,3,0,0,0,49,24,7,55,22,8.85,3.57,2.48,1.13,0.225,1.27,0.271,73.90%,3.8,4.17,750.8
400,Brooks Raley,,0,26,26,1,1,0,0,0,22,10,3,28,10,9.58,3.62,2.65,1.09,0.219,1.24,0.272,75.00%,3.6,3.96,999
401,Dane Dunning,TEX,3,56,72,3,3,3,0,7,74,38,10,59,26,7.34,3.22,2.28,1.25,0.261,1.37,0.298,68.00%,4.71,4.55,742.3
402,Yuki Matsui,SDP,0,58,58,3,3,0,0,11,48,25,8,61,24,9.43,3.72,2.54,1.17,0.223,1.25,0.275,73.10%,3.86,4.13,729.3
403,Sawyer Gipson-Long,DET,2,30,35,1,1,2,0,1,34,16,4,31,10,7.84,2.63,2.98,1.04,0.249,1.25,0.295,70.00%,4.02,3.94,717.1
404,Albert Suárez,BAL,5,59,80,3,3,4,0,5,79,40,12,67,27,7.49,3.01,2.49,1.3,0.253,1.32,0.289,68.90%,4.53,4.52,672.9
405,Michael McGreevy,STL,2,34,39,2,1,2,0,1,42,19,4,26,9,5.99,1.98,3.03,0.94,0.271,1.29,0.303,67.60%,4.26,3.97,469
406,Troy Taylor,SEA,0,54,54,3,3,0,0,4,44,20,5,59,24,9.91,3.98,2.49,0.9,0.213,1.25,0.273,76.30%,3.33,3.74,999
407,Emerson Hancock,SEA,6,18,49,1,1,3,0,1,48,25,7,35,17,6.37,3.12,2.04,1.28,0.251,1.34,0.274,69.20%,4.53,4.78,723.2
408,Angel Perdomo,ATL,0,54,54,3,3,0,0,7,41,20,6,70,26,11.69,4.34,2.69,1,0.205,1.24,0.282,76.70%,3.37,3.6,999
409,Penn Murfee,CHW,0,51,51,3,3,0,0,4,46,22,7,53,21,9.35,3.67,2.55,1.15,0.231,1.3,0.283,73.40%,3.94,4.12,999
410,Ryne Stanek,NYM,0,58,58,3,3,0,0,12,46,24,7,65,27,10.05,4.18,2.4,1.13,0.212,1.26,0.267,74.90%,3.68,4.1,749.5
411,Sam Aldegheri,LAA,3,3,18,1,1,1,0,0,17,10,3,17,9,8.11,4.31,1.88,1.33,0.245,1.42,0.285,69.30%,4.76,4.87,748.1
412,Julian Merryweather,CHC,0,52,52,3,3,0,0,4,44,21,6,57,23,9.79,3.9,2.51,1,0.224,1.28,0.284,74.40%,3.67,3.88,999
413,Eduard Bazardo,SEA,0,50,50,3,2,0,0,1,41,18,5,54,17,9.76,3.07,3.18,0.95,0.214,1.16,0.271,76.50%,3.17,3.52,999
414,Brady Basso,ATH,2,55,59,3,3,2,0,5,57,27,8,52,17,7.92,2.57,3.09,1.18,0.247,1.24,0.288,70.70%,4.07,4.09,749
415,Ryan Zeferjahn,LAA,0,61,61,3,3,0,1,12,50,26,8,68,33,10.03,4.91,2.04,1.12,0.213,1.36,0.267,75.40%,3.84,4.34,744.9
416,José Suarez,LAA,2,62,67,3,3,3,0,10,64,32,10,63,25,8.44,3.33,2.53,1.31,0.243,1.31,0.285,70.90%,4.34,4.43,999
417,Keegan Thompson,CHC,0,66,66,3,3,0,0,13,56,28,8,70,30,9.56,4.15,2.3,1.04,0.224,1.31,0.282,73.50%,3.84,4.08,999
418,Tayler Saucedo,SEA,0,61,61,3,3,0,0,12,53,24,6,59,26,8.74,3.86,2.27,0.88,0.226,1.29,0.279,73.90%,3.61,3.92,999
419,Jacob Waguespack,TBR,2,43,48,2,2,2,0,1,45,22,6,49,19,9.07,3.55,2.56,1.09,0.239,1.32,0.294,72.10%,4.03,4.05,999
420,Carson Palmquist,COL,3,3,17,1,1,1,0,0,17,10,3,16,9,8.55,4.55,1.88,1.45,0.25,1.49,0.291,69.70%,5.02,5.03,999
421,Bryan Hoeing,SDP,0,56,56,3,3,0,0,9,55,25,6,44,18,7.15,2.84,2.52,0.99,0.251,1.29,0.29,70.10%,4.08,4.09,999
422,Jake Cousins,NYY,0,54,54,3,3,0,0,7,40,20,6,66,28,10.93,4.6,2.37,0.96,0.202,1.26,0.27,76.80%,3.35,3.81,999
423,Chase Petty,CIN,3,18,33,1,1,2,0,1,33,18,5,24,15,6.53,4.02,1.62,1.22,0.259,1.44,0.288,67.30%,4.94,4.97,999
424,John Brebbia,DET,0,57,57,3,3,0,0,9,51,25,8,59,20,9.36,3.23,2.9,1.24,0.233,1.26,0.284,72.80%,3.98,4.08,999
425,Kody Funderburk,MIN,0,48,48,3,2,0,0,1,43,19,4,49,19,9.24,3.63,2.54,0.83,0.231,1.3,0.292,74.20%,3.53,3.66,750.9
426,Erik Swanson,TOR,0,60,60,3,3,0,0,13,54,27,8,57,22,8.56,3.37,2.54,1.15,0.236,1.28,0.283,71.60%,4.05,4.19,747.1
427,Patrick Sandoval,BOS,2,8,13,0,0,1,0,1,13,6,1,12,5,8.08,3.57,2.26,0.95,0.258,1.37,0.314,68.40%,4.39,4.08,746.8
428,Ian Seymour,TBR,3,18,33,1,1,2,0,1,32,17,5,29,13,7.88,3.4,2.32,1.33,0.246,1.33,0.282,70.10%,4.48,4.61,724.4
429,Scott Barlow,CIN,0,58,58,3,3,0,0,7,49,25,7,64,27,10.01,4.16,2.41,1.09,0.224,1.31,0.285,73.60%,3.88,4.05,733.3
430,Collin Snider,SEA,0,65,65,3,3,0,3,12,56,27,7,66,29,9.12,4.02,2.27,1,0.224,1.31,0.276,74.50%,3.71,4.07,732.8
431,Cooper Criswell,BOS,2,23,28,1,1,1,0,1,31,14,3,21,8,6.61,2.53,2.61,1.07,0.274,1.36,0.311,67.20%,4.6,4.22,749.6
432,Max Lazar,PHI,0,50,50,3,2,0,0,4,49,23,6,43,16,7.82,2.87,2.72,1.11,0.251,1.3,0.294,70.30%,4.19,4.13,999
433,Wikelman Gonzalez,CHW,3,3,17,1,1,1,0,0,16,9,2,16,10,8.24,5.43,1.52,1.16,0.239,1.51,0.283,70.30%,4.74,4.98,999
434,Jhony Brito,SDP,2,40,45,2,2,2,0,1,44,21,5,35,15,6.97,2.97,2.34,1.03,0.248,1.29,0.283,70.10%,4.11,4.23,750.5
435,Adam Ottavino,BOS,0,44,44,2,2,0,0,1,40,19,5,48,18,9.73,3.6,2.7,0.99,0.235,1.31,0.298,73.50%,3.79,3.78,999
436,Dillon Tate,,0,33,33,2,2,0,0,0,32,15,4,27,11,7.4,3.07,2.41,0.99,0.249,1.31,0.29,70.50%,4.07,4.11,999
437,Nic Enright,CLE,0,41,41,2,2,0,0,1,34,15,5,45,13,9.85,2.8,3.52,1.12,0.219,1.15,0.273,75.60%,3.39,3.65,999
438,Ryan Gusto,HOU,3,27,43,1,1,2,0,1,43,22,6,34,16,7.05,3.38,2.08,1.28,0.252,1.36,0.283,69.10%,4.61,4.72,999
439,Tim Mayza,PIT,0,55,55,3,3,0,0,4,56,26,5,45,20,7.36,3.2,2.3,0.9,0.26,1.38,0.306,69.80%,4.23,4.03,999
440,Tristan Beck,SFG,2,48,53,2,2,2,0,1,52,24,7,45,15,7.62,2.61,2.92,1.12,0.249,1.27,0.289,70.90%,4.07,4.09,750.7
441,Nate Pearson,CHC,0,54,54,3,3,0,0,7,44,21,6,61,22,10.13,3.61,2.8,1.06,0.216,1.22,0.275,75.60%,3.47,3.79,679.4
442,José Quijada,LAA,0,62,62,3,3,0,0,12,50,28,8,70,32,10.17,4.62,2.2,1.22,0.217,1.32,0.274,73.30%,4.05,4.36,999
443,Justin Topa,MIN,0,50,50,3,2,0,0,1,47,21,5,47,18,8.47,3.24,2.62,0.88,0.241,1.29,0.294,72.50%,3.75,3.77,999
444,Michael Grove,LAD,0,44,44,2,2,0,0,1,40,18,6,45,13,9.1,2.72,3.35,1.16,0.233,1.21,0.284,73.30%,3.74,3.85,999
445,Chase Silseth,LAA,2,48,52,2,2,2,0,1,49,25,7,47,21,8.07,3.6,2.24,1.13,0.243,1.33,0.287,70.40%,4.26,4.34,726.2
446,Erik Sabrowski,CLE,0,50,50,3,2,0,0,4,40,20,5,59,27,10.69,4.82,2.22,0.97,0.213,1.33,0.282,75.20%,3.65,3.95,999
447,Graham Ashcraft,CIN,0,53,53,3,3,0,0,4,54,26,7,42,17,7.17,2.89,2.48,1.14,0.258,1.34,0.295,69.30%,4.39,4.31,717.2
448,Jalen Beeks,,0,37,37,2,2,0,0,0,36,17,4,33,15,7.97,3.63,2.19,0.99,0.249,1.38,0.297,71.00%,4.19,4.17,999
449,Abner Uribe,MIL,0,49,49,3,2,0,0,1,37,18,4,55,28,10.19,5.17,1.97,0.7,0.207,1.33,0.279,75.80%,3.33,3.8,629.9
450,Valente Bellozo,MIA,6,27,60,1,1,3,0,1,64,34,10,41,21,6.1,3.11,1.96,1.45,0.27,1.41,0.291,65.90%,5.18,5.07,745
451,Brenan Hanifee,DET,0,44,44,2,2,0,0,1,43,18,4,36,13,7.46,2.6,2.87,0.84,0.249,1.26,0.295,71.10%,3.76,3.71,999
452,Joe Jiménez,ATL,0,27,27,1,1,0,0,1,22,10,3,32,9,10.68,2.95,3.62,1.08,0.217,1.15,0.283,75.80%,3.34,3.46,999
453,Josh Winckowski,BOS,0,55,55,3,3,0,0,7,55,25,6,47,18,7.61,2.94,2.59,0.95,0.257,1.33,0.303,70.20%,4.12,3.95,999
454,Clayton Beeter,NYY,0,28,28,1,1,0,0,1,20,10,3,35,14,11.19,4.53,2.47,0.91,0.194,1.23,0.261,78.80%,3.07,3.66,749.9
455,Yosver Zulueta,CIN,0,46,46,2,2,0,0,1,41,20,4,48,25,9.39,4.88,1.92,0.82,0.233,1.44,0.296,73.60%,3.9,4.05,999
456,Jonathan Loáisiga,NYY,0,40,40,2,2,0,0,1,34,16,4,36,13,8.06,3.02,2.67,0.93,0.228,1.2,0.273,72.80%,3.55,3.85,999
457,Hans Crouse,LAA,0,56,56,3,3,0,0,7,45,24,8,69,28,11.04,4.49,2.46,1.21,0.214,1.3,0.28,74.50%,3.89,4.1,999
458,Marc Church,TEX,0,60,60,3,3,0,0,5,53,27,8,63,25,9.45,3.81,2.48,1.2,0.229,1.31,0.28,73.50%,3.99,4.21,744.4
459,Robert Stephenson,LAA,0,32,32,2,2,0,0,1,25,13,4,37,12,10.36,3.28,3.16,1.19,0.213,1.16,0.271,75.00%,3.52,3.81,732.5
460,Joely Rodríguez,BOS,0,30,30,2,1,0,0,0,31,15,3,27,12,8.04,3.55,2.26,0.99,0.259,1.41,0.311,70.00%,4.38,4.13,999
461,Andrew Walters,CLE,0,56,56,3,3,0,0,8,45,23,7,65,26,10.51,4.22,2.49,1.06,0.215,1.27,0.28,74.70%,3.67,3.92,750
462,Jimmy Herget,COL,0,50,50,3,2,0,0,4,52,25,8,45,15,8.07,2.73,2.95,1.37,0.257,1.34,0.297,70.20%,4.53,4.4,999
463,Ronny Henriquez,MIA,0,53,53,3,3,0,0,6,52,24,5,46,19,7.85,3.21,2.45,0.91,0.251,1.34,0.299,71.20%,4.01,3.94,999
464,Jhonathan Díaz,SEA,2,2,7,1,1,1,0,0,7,3,1,6,3,7.45,3.38,2.2,0.97,0.242,1.32,0.282,71.60%,3.99,4.18,999
465,Thomas Harrington,PIT,2,2,7,1,1,1,0,0,7,4,1,6,2,6.81,2.58,2.64,1.25,0.252,1.24,0.281,67.50%,4.4,4.45,606.9
466,Hurston Waldrep,ATL,3,15,30,1,1,2,0,1,29,16,4,26,15,7.72,4.54,1.7,1.1,0.25,1.46,0.293,69.40%,4.66,4.71,686.2
467,Landon Knack,LAD,2,37,41,2,2,2,0,1,38,19,6,39,14,8.5,2.97,2.86,1.41,0.235,1.25,0.272,71.90%,4.18,4.44,610.1
468,Brusdar Graterol,LAD,0,22,22,1,1,0,0,1,19,8,2,20,6,8.18,2.45,3.34,0.81,0.23,1.15,0.279,73.70%,3.26,3.46,999
469,Tyler Gilbert,CHW,0,54,54,3,3,0,3,6,54,25,7,46,16,7.66,2.72,2.82,1.15,0.252,1.29,0.293,70.30%,4.2,4.16,999
470,Bennett Sousa,HOU,0,48,48,3,2,0,0,1,40,19,6,52,20,9.82,3.75,2.62,1.05,0.219,1.26,0.276,75.20%,3.58,3.89,999
471,Alek Manoah,TOR,2,10,15,0,0,1,0,1,14,7,2,14,6,8.02,3.44,2.33,1.19,0.241,1.29,0.283,69.50%,4.29,4.39,748.7
472,Josh Sborz,TEX,0,38,38,2,2,0,3,1,32,16,5,43,16,10.07,3.7,2.72,1.09,0.221,1.25,0.281,74.40%,3.67,3.88,750.8
473,Dauri Moreta,PIT,0,37,37,2,2,0,0,1,31,15,4,41,15,9.94,3.6,2.76,1.09,0.22,1.23,0.277,74.80%,3.61,3.88,999
474,Colton Gordon,HOU,2,17,22,1,1,1,0,1,21,10,3,19,7,7.75,2.9,2.67,1.3,0.242,1.26,0.277,70.60%,4.23,4.41,999
475,Walter Pennington,TEX,0,42,42,2,2,0,0,1,39,18,4,40,17,8.64,3.65,2.36,0.9,0.242,1.34,0.297,72.40%,3.89,3.91,999
476,Luis Peralta,COL,0,61,61,3,3,0,2,12,60,32,7,64,35,9.46,5.23,1.81,1.07,0.252,1.56,0.317,70.30%,4.78,4.52,750.9
477,Michael Fulmer,BOS,0,50,50,3,2,0,0,1,44,21,6,54,22,9.68,3.9,2.48,1.09,0.226,1.31,0.282,74.50%,3.8,4.03,999
478,Daniel Palencia,CHC,0,38,38,2,2,0,0,1,30,15,4,45,19,10.61,4.53,2.34,0.89,0.212,1.3,0.282,75.80%,3.45,3.76,999
479,Sean Guenther,DET,0,43,43,2,2,0,0,1,42,18,4,35,12,7.38,2.46,3,0.94,0.25,1.26,0.292,71.10%,3.85,3.82,999
480,James McArthur,KCR,0,31,31,2,2,0,0,1,31,13,3,29,11,8.37,3.13,2.68,0.87,0.25,1.33,0.305,71.80%,3.9,3.75,749.6
481,Matt Manning,DET,2,28,33,1,1,2,0,1,31,16,4,27,11,7.36,3.04,2.42,1.17,0.245,1.27,0.281,69.20%,4.25,4.36,742.4
482,Cristian Mena,ARI,2,14,19,1,1,1,0,1,19,9,2,16,8,7.58,3.69,2.05,0.98,0.256,1.38,0.303,68.60%,4.42,4.27,999
483,Caleb Kilian,CHC,2,24,29,1,1,1,0,1,29,14,3,22,10,6.74,3.21,2.1,0.99,0.258,1.35,0.295,68.60%,4.37,4.31,746.2
484,Trevor Stephan,CLE,0,36,36,2,2,0,0,1,32,15,4,39,13,9.69,3.31,2.93,1.06,0.23,1.25,0.289,73.80%,3.7,3.78,999
485,Jay Jackson,,0,20,20,1,1,0,0,0,18,9,3,20,7,8.95,2.95,3.03,1.29,0.233,1.23,0.278,72.70%,3.97,4.15,999
486,Tim Hill,NYY,0,63,63,3,3,0,0,12,65,29,6,41,21,5.85,3.04,1.92,0.86,0.258,1.36,0.287,69.40%,4.21,4.26,999
487,Tommy Nance,TOR,0,54,54,3,3,0,0,7,51,23,6,50,20,8.3,3.3,2.52,0.98,0.242,1.31,0.291,72.20%,3.91,3.97,999
488,Joe Rock,TBR,2,19,24,1,1,1,0,1,25,12,3,19,8,6.9,2.81,2.46,1.12,0.259,1.35,0.294,69.50%,4.38,4.32,999
489,Franco Aleman,CLE,0,31,31,2,2,0,0,1,27,12,3,34,12,9.73,3.55,2.74,0.95,0.227,1.27,0.289,74.60%,3.57,3.7,999
490,Brandon Eisert,CHW,0,28,28,1,1,0,0,1,26,12,3,27,10,8.55,3.1,2.76,1,0.243,1.29,0.294,72.20%,3.89,3.89,999
491,Colin Selby,BAL,0,46,46,2,2,0,0,1,40,19,4,49,22,9.6,4.36,2.2,0.85,0.228,1.35,0.292,74.20%,3.69,3.86,999
492,Lou Trivino,SFG,0,56,56,3,3,0,0,10,52,24,6,56,23,9.02,3.77,2.39,0.97,0.239,1.36,0.294,73.20%,3.9,3.97,999
493,Carson Spiers,CIN,2,38,44,2,2,2,0,1,45,24,7,36,16,7.28,3.25,2.24,1.4,0.259,1.38,0.291,67.90%,4.86,4.79,746
494,Jake Bloss,TOR,5,19,36,1,1,2,0,1,36,20,6,29,16,7.28,3.86,1.88,1.37,0.254,1.43,0.285,68.80%,4.88,4.96,723
495,Mike Burrows,PIT,2,35,39,2,2,2,0,1,37,19,5,33,16,7.56,3.58,2.11,1.12,0.244,1.33,0.282,70.20%,4.27,4.43,748.7
496,Daniel Lynch IV,KCR,2,52,57,2,2,2,0,4,61,30,7,42,17,6.58,2.73,2.41,1.17,0.27,1.37,0.303,67.30%,4.7,4.44,686.2
497,Mason Barnett,ATH,2,2,7,1,1,1,0,0,7,4,1,6,3,7.66,3.79,2.02,1.1,0.249,1.36,0.293,68.70%,4.47,4.45,999
498,Chase Lee,DET,0,24,24,1,1,0,0,1,22,9,3,24,8,9.05,2.83,3.19,0.96,0.233,1.22,0.288,74.00%,3.53,3.62,999
499,Grant Anderson,MIL,0,34,34,2,2,0,0,1,29,14,4,37,13,9.82,3.36,2.93,1.17,0.22,1.23,0.271,75.80%,3.6,3.94,999
500,Hunter Bigge,TBR,0,55,55,3,3,0,0,8,45,22,6,66,28,10.72,4.63,2.31,1.02,0.214,1.33,0.281,75.60%,3.66,3.96,667.5
501,Richard Lovelady,TOR,0,32,32,2,2,0,0,1,30,13,4,30,10,8.3,2.88,2.88,0.99,0.24,1.25,0.289,72.10%,3.78,3.84,999
502,Nick Sandlin,TOR,0,59,59,3,3,0,0,12,49,26,8,62,26,9.41,4.01,2.34,1.17,0.223,1.28,0.275,72.70%,3.97,4.25,750.4
503,James Karinchak,CHW,0,37,37,2,2,0,0,1,29,16,5,46,20,11.09,4.87,2.28,1.15,0.208,1.32,0.273,75.30%,3.78,4.14,715.8
504,Cionel Pérez,BAL,0,56,56,3,3,0,0,7,51,24,5,52,26,8.31,4.14,2.01,0.77,0.238,1.37,0.293,72.30%,3.83,3.95,999
505,Evan Sisk,KCR,0,36,36,2,2,0,0,1,34,16,3,36,17,9.07,4.23,2.15,0.84,0.247,1.42,0.311,71.90%,4.07,3.93,999
506,José Cisnero,,0,24,24,1,1,0,0,0,21,11,3,26,11,9.62,4.12,2.34,1.13,0.228,1.34,0.283,73.70%,3.97,4.19,999
507,Luke Little,CHC,0,40,40,2,2,0,0,1,30,15,3,45,23,10.11,5.26,1.92,0.69,0.209,1.34,0.282,75.30%,3.39,3.82,999
508,Edgardo Henriquez,LAD,0,33,33,2,2,0,0,1,26,13,4,41,17,11.1,4.71,2.36,1.08,0.205,1.3,0.27,77.00%,3.54,3.99,750.8
509,Josh Simpson,MIA,0,33,33,2,2,0,0,1,29,14,3,38,17,10.41,4.55,2.29,0.95,0.226,1.37,0.296,74.40%,3.8,3.89,999
510,Alex Lange,DET,0,39,39,2,2,0,0,1,33,16,4,44,21,10.12,4.81,2.1,0.81,0.222,1.37,0.292,74.70%,3.63,3.85,744.6
511,Justin Lawrence,PIT,0,66,66,3,3,0,0,8,62,30,6,63,32,8.61,4.32,1.99,0.87,0.242,1.42,0.298,72.50%,4.04,4.1,999
512,Tekoah Roby,STL,2,2,6,1,1,1,0,0,6,3,1,5,2,6.97,3.19,2.18,1.16,0.256,1.34,0.29,68.30%,4.51,4.49,999
513,Prelander Berroa,CHW,0,48,48,3,2,0,3,1,38,20,5,55,30,10.38,5.56,1.87,0.93,0.209,1.41,0.273,75.90%,3.7,4.22,647.2
514,Huascar Brazobán,NYM,0,51,51,3,3,0,0,7,42,20,5,53,25,9.38,4.33,2.17,0.91,0.219,1.31,0.276,74.70%,3.6,3.98,999
515,Andrew Chafin,DET,0,55,55,3,3,0,0,6,48,24,6,60,26,9.87,4.19,2.35,1.02,0.229,1.34,0.292,73.20%,3.91,4,999
516,Héctor Neris,ATL,0,56,56,3,3,0,0,10,48,25,7,60,24,9.65,3.85,2.51,1.2,0.228,1.29,0.282,72.80%,4.01,4.18,736.1
517,Bryan Baker,BAL,0,51,51,3,3,0,0,1,43,21,6,55,22,9.7,3.91,2.48,1.09,0.223,1.27,0.28,73.60%,3.79,4.03,999
518,Ryan Borucki,PIT,0,28,28,1,1,0,0,1,26,12,3,28,11,8.9,3.44,2.59,0.97,0.239,1.32,0.294,73.20%,3.83,3.87,999
519,Eric Orze,TBR,0,44,44,2,2,0,0,1,38,18,5,48,20,9.77,4.15,2.35,0.98,0.225,1.32,0.287,74.10%,3.75,3.94,999
520,Travis Adams,MIN,2,17,22,1,1,1,0,1,23,12,3,16,8,6.36,3.11,2.05,1.15,0.262,1.35,0.292,67.30%,4.65,4.58,999
521,Keynan Middleton,,0,18,18,1,1,0,0,0,16,8,2,18,8,8.77,4.01,2.19,1.01,0.238,1.35,0.292,71.50%,4.08,4.16,999
522,Devin Sweet,PHI,0,36,36,2,2,0,0,1,32,16,5,39,15,9.7,3.65,2.66,1.25,0.229,1.29,0.281,73.70%,3.98,4.17,999
523,Riley O'Brien,STL,0,53,53,3,3,0,0,7,47,23,5,54,27,9.1,4.51,2.02,0.83,0.234,1.4,0.295,73.20%,3.86,4,999
524,Gunnar Hoglund,ATH,6,39,71,2,2,4,0,1,73,39,11,48,23,6.07,2.92,2.08,1.38,0.263,1.35,0.283,66.60%,4.9,4.92,999
525,Nick Robertson,TOR,0,42,42,2,2,0,0,1,40,19,5,39,16,8.36,3.48,2.4,0.99,0.243,1.34,0.293,72.00%,4,4.04,999
526,Zach Pop,TOR,0,44,44,2,2,0,0,1,42,19,4,37,16,7.65,3.35,2.28,0.89,0.244,1.33,0.288,71.90%,3.89,4.01,999
527,Luis Guerrero,BOS,0,42,42,2,2,0,0,1,36,18,5,47,22,10.16,4.73,2.15,1.04,0.226,1.39,0.289,74.00%,3.96,4.14,746.5
528,Keaton Winn,SFG,0,42,42,2,2,0,0,1,40,18,4,37,14,7.93,2.98,2.66,0.91,0.248,1.29,0.297,71.10%,3.9,3.84,720.3
529,Nick Hernandez,HOU,0,52,52,3,3,0,0,4,44,22,8,55,20,9.57,3.51,2.73,1.33,0.221,1.24,0.266,74.10%,3.89,4.26,999
530,Ross Stripling,KCR,2,28,33,1,1,1,0,1,38,19,5,21,8,5.59,2.24,2.5,1.24,0.285,1.38,0.309,64.80%,5.03,4.59,999
531,Kevin Herget,NYM,0,34,34,2,2,0,0,1,30,14,4,31,10,8.23,2.66,3.1,1.14,0.229,1.19,0.269,73.60%,3.67,4,999
532,Quinn Priester,BOS,0,30,30,2,1,0,0,1,31,15,3,24,10,7.16,2.86,2.5,0.92,0.268,1.37,0.314,68.40%,4.36,3.99,733.6
533,Adam Macko,TOR,2,2,6,0,1,1,0,0,6,3,1,6,3,8,4.37,1.83,1.22,0.246,1.46,0.286,71.20%,4.58,4.76,999
534,Joe Ross,PHI,2,56,61,3,3,2,0,6,61,32,8,49,24,7.26,3.57,2.03,1.21,0.256,1.39,0.292,68.60%,4.65,4.63,744
535,Drey Jameson,ARI,0,50,50,3,2,0,0,4,51,24,5,40,16,7.17,2.86,2.5,0.98,0.261,1.33,0.303,68.80%,4.28,4.08,999
536,Emiliano Teodo,TEX,2,30,34,1,1,2,0,1,30,17,4,35,20,9.21,5.32,1.73,1.04,0.231,1.46,0.287,72.20%,4.32,4.56,742.5
537,Hagen Danner,SEA,0,28,28,1,1,0,0,1,24,11,3,29,10,9.18,3.1,2.96,1.07,0.223,1.2,0.273,74.50%,3.54,3.84,999
538,Tanner Gordon,COL,2,33,37,2,1,2,0,1,43,22,6,25,10,6.11,2.44,2.5,1.43,0.285,1.42,0.31,65.40%,5.26,4.82,999
539,Steven Cruz,KCR,0,44,44,2,2,0,0,1,40,20,4,43,22,8.85,4.5,1.97,0.89,0.236,1.41,0.293,72.60%,4,4.14,999
540,Daniel Robert,TEX,0,33,33,2,2,0,0,1,29,14,4,35,13,9.52,3.66,2.6,1.19,0.224,1.27,0.274,74.40%,3.83,4.13,999
541,Carlos Carrasco,NYY,2,17,21,1,1,1,0,1,23,11,3,18,8,7.39,3.18,2.32,1.38,0.261,1.41,0.294,69.30%,4.78,4.71,749.3
542,Shelby Miller,ARI,0,56,56,3,3,0,0,10,51,26,7,52,21,8.41,3.33,2.52,1.12,0.241,1.29,0.288,70.80%,4.11,4.17,999
543,Scott Effross,NYY,0,26,26,1,1,0,0,1,24,11,3,23,9,7.94,2.99,2.65,1.06,0.24,1.26,0.282,71.60%,3.91,4.06,999
544,Zack Kelly,BOS,0,26,26,1,1,0,0,1,22,11,3,28,13,9.6,4.46,2.15,0.93,0.228,1.35,0.291,73.20%,3.86,4.01,999
545,Luis García,LAD,0,17,17,1,1,0,0,1,16,7,2,16,6,8.54,3.15,2.71,0.95,0.236,1.28,0.286,73.50%,3.68,3.83,999
546,Jaden Hill,COL,0,42,42,2,2,0,0,1,43,21,5,39,20,8.45,4.2,2.01,1.04,0.259,1.49,0.314,70.10%,4.6,4.34,999
547,Jonathan Pintaro,NYM,2,2,6,1,1,1,0,0,6,3,1,5,3,7.17,4.25,1.69,1.13,0.247,1.45,0.28,71.10%,4.49,4.77,999
548,Alek Jacob,SDP,0,48,48,3,2,0,0,1,44,21,6,46,17,8.56,3.26,2.63,1.17,0.236,1.28,0.28,72.50%,3.98,4.17,999
549,Zach Maxwell,CIN,0,33,33,2,2,0,0,1,26,15,4,41,21,11.09,5.64,1.97,1.1,0.211,1.42,0.28,74.80%,4,4.33,999
550,Angel Chivilli,COL,0,53,53,3,3,0,0,6,54,28,7,48,22,8.1,3.67,2.21,1.17,0.262,1.43,0.31,68.80%,4.71,4.42,746.3
551,Mason Thompson,WSN,0,42,42,2,2,0,0,1,42,20,4,35,16,7.43,3.35,2.22,0.96,0.256,1.37,0.3,70.10%,4.25,4.16,999
552,Drue Hackenberg,ATL,2,2,6,1,1,1,0,0,7,3,1,6,4,8.35,5.02,1.66,1.07,0.252,1.6,0.299,72.80%,4.59,4.7,999
553,Brent Headrick,NYY,0,34,34,2,2,0,0,1,31,15,5,33,11,8.69,2.89,3.01,1.34,0.231,1.22,0.27,73.10%,3.96,4.26,999
554,Michael Petersen,LAA,0,36,36,2,2,0,0,1,31,16,5,39,16,9.65,3.89,2.48,1.28,0.222,1.29,0.271,74.10%,3.96,4.3,999
555,Austin Adams,BOS,0,24,24,1,1,0,0,1,22,11,3,27,11,10.21,4.23,2.42,1.12,0.233,1.4,0.295,74.40%,4.02,4.08,999
556,Anthony Misiewicz,MIN,0,21,21,1,1,0,0,1,19,9,3,21,8,9.16,3.34,2.74,1.1,0.236,1.29,0.288,73.40%,3.87,3.97,999
557,Kyle Amendt,ARI,0,21,21,1,1,0,0,1,17,9,2,26,11,11.07,4.71,2.35,0.98,0.214,1.33,0.288,75.30%,3.65,3.85,999
558,JT Brubaker,NYY,2,44,48,2,2,2,0,1,46,24,7,41,19,7.67,3.47,2.21,1.29,0.247,1.34,0.282,69.90%,4.49,4.63,999
559,Yohan Ramírez,PIT,0,17,17,1,1,0,0,1,16,7,2,16,7,8.73,3.96,2.2,0.84,0.242,1.39,0.299,73.00%,3.87,3.91,999
560,Josh Walker,TOR,0,39,39,2,2,0,0,1,34,17,5,40,18,9.29,4.15,2.24,1.05,0.227,1.32,0.281,73.30%,3.9,4.15,999
561,Josiah Gray,WSN,2,10,15,0,0,1,0,1,15,8,2,13,6,7.47,3.56,2.1,1.43,0.252,1.35,0.284,67.20%,4.89,4.89,999
562,Joey Wentz,PIT,0,57,57,3,3,0,1,9,53,27,7,54,23,8.5,3.65,2.33,1.17,0.241,1.34,0.287,71.50%,4.23,4.33,999
563,Cody Bolton,SEA,0,41,41,2,2,0,0,1,35,16,5,42,17,9.19,3.8,2.42,1.02,0.22,1.27,0.269,75.30%,3.58,4.02,999
564,Justin Sterner,ATH,0,44,44,2,2,0,0,1,38,18,6,46,17,9.42,3.46,2.72,1.21,0.224,1.25,0.271,74.60%,3.78,4.12,999
565,Connor Brogdon,LAA,0,38,38,2,2,0,0,1,34,17,5,40,16,9.41,3.83,2.46,1.27,0.23,1.31,0.28,72.60%,4.14,4.32,999
566,Sam Long,KCR,0,56,56,3,3,0,0,10,54,27,7,50,23,7.99,3.64,2.2,1.12,0.249,1.37,0.294,70.20%,4.37,4.36,999
567,Hunter Stratton,PIT,0,15,15,1,1,0,0,1,13,6,2,15,6,9.01,3.57,2.53,1.03,0.23,1.29,0.281,74.00%,3.74,3.98,999
568,Yilber Diaz,ARI,2,42,47,2,2,2,0,1,43,23,6,45,23,8.59,4.42,1.95,1.09,0.242,1.41,0.294,70.50%,4.41,4.45,722.4
569,Wandy Peralta,SDP,0,52,52,3,3,0,0,4,47,23,5,43,22,7.49,3.74,2,0.94,0.238,1.32,0.28,71.00%,4,4.25,999
570,Chris Roycroft,STL,0,51,51,3,3,0,0,4,48,23,5,44,24,7.81,4.2,1.86,0.82,0.242,1.4,0.29,71.80%,4.01,4.17,999
571,Peter Strzelecki,PIT,0,26,26,1,1,0,0,1,25,12,3,25,10,8.6,3.55,2.42,1.09,0.245,1.36,0.295,72.00%,4.14,4.15,999
572,Jack Neely,CHC,0,10,10,1,0,0,0,1,8,4,1,12,4,10.84,3.86,2.81,1.06,0.21,1.23,0.274,76.90%,3.39,3.72,999
573,Mason Englert,TBR,0,46,46,2,2,0,0,1,44,21,6,42,15,8.26,2.9,2.85,1.17,0.245,1.28,0.289,71.40%,4.09,4.12,999
574,Miguel Castro,HOU,0,43,43,2,2,0,0,1,39,19,5,40,17,8.42,3.51,2.39,1.08,0.238,1.31,0.284,72.10%,4,4.16,999
575,Alex Young,CIN,0,22,22,1,1,0,0,1,22,11,3,19,8,7.93,3.37,2.35,1.17,0.25,1.36,0.292,70.70%,4.35,4.36,999
576,Francis Pena,SDP,0,33,33,2,2,0,0,1,31,15,4,28,12,7.74,3.4,2.27,1,0.243,1.33,0.285,71.70%,4.01,4.16,999
577,Luis González,BAL,0,36,36,2,2,0,0,1,34,16,5,34,10,8.57,2.6,3.3,1.32,0.241,1.23,0.282,71.90%,4.07,4.16,999
578,Noah Cameron,KCR,0,21,21,1,1,0,0,1,21,10,3,18,7,7.69,2.86,2.69,1.1,0.255,1.31,0.299,69.50%,4.27,4.13,622.7
579,Tom Cosgrove,SDP,0,46,46,2,2,0,0,1,40,20,6,45,19,8.72,3.68,2.37,1.16,0.227,1.28,0.271,73.40%,3.9,4.27,999
580,Jack Dreyer,LAD,0,19,19,1,1,0,0,1,16,8,3,20,8,9.7,3.85,2.52,1.2,0.222,1.28,0.274,74.00%,3.87,4.16,999
581,Sean Reid-Foley,NYM,0,22,22,1,1,0,0,1,18,9,2,24,12,9.77,4.93,1.98,0.85,0.216,1.35,0.278,74.80%,3.62,4.02,999
582,Andrew Saalfrank,ARI,0,28,28,1,1,0,0,1,27,13,2,26,13,8.49,4.24,2,0.77,0.248,1.42,0.308,71.40%,4.06,3.96,999
583,Ron Marinaccio,SDP,0,40,40,2,2,0,0,1,34,17,5,41,19,9.18,4.2,2.19,1.07,0.226,1.32,0.278,73.20%,3.92,4.22,999
584,Enyel De Los Santos,ATL,0,35,35,2,2,0,0,1,31,16,5,37,14,9.41,3.51,2.68,1.2,0.233,1.28,0.287,72.10%,4.04,4.12,999
585,Kyle Nelson,ARI,0,35,35,2,2,0,0,1,33,16,4,33,12,8.59,3.09,2.78,1.14,0.242,1.29,0.29,71.90%,4.04,4.07,748.4
586,Kade Strowd,BAL,0,26,26,1,1,0,0,1,24,11,3,27,13,9.33,4.57,2.04,0.89,0.236,1.42,0.298,73.20%,3.98,4.05,999
587,Kyle Leahy,STL,0,56,56,3,3,0,0,10,56,27,6,44,21,7.15,3.31,2.16,0.99,0.258,1.38,0.299,69.40%,4.35,4.25,999
588,Andrew Misiaszek,CLE,0,26,26,1,1,0,0,1,23,11,3,26,11,9.13,3.94,2.32,1.04,0.226,1.31,0.278,73.80%,3.8,4.1,999
589,J.B. Wendelken,SDP,0,19,19,1,1,0,0,1,18,9,2,17,8,8.05,3.79,2.13,0.95,0.25,1.37,0.302,73.30%,4.26,4.17,999
590,Drew Pomeranz,SEA,0,14,14,1,1,0,0,1,12,6,2,15,5,9.7,3.26,2.98,1.14,0.218,1.19,0.271,75.10%,3.55,3.88,999
591,Cody Poteet,CHC,0,30,30,2,1,0,0,1,28,14,3,26,10,7.8,3.06,2.54,1.04,0.247,1.27,0.292,69.80%,4.1,4.08,749.5
592,J.P. France,HOU,2,23,28,1,1,1,0,1,28,15,4,24,11,7.49,3.51,2.14,1.33,0.253,1.38,0.287,69.30%,4.69,4.73,999
593,Sean Reynolds,SDP,0,53,53,3,3,0,1,6,46,23,6,56,28,9.48,4.81,1.97,1.01,0.226,1.4,0.283,73.80%,3.97,4.27,999
594,Logan VanWey,HOU,0,22,22,1,1,0,0,1,19,9,3,25,11,10.11,4.65,2.17,1.04,0.219,1.36,0.279,75.10%,3.79,4.13,999
595,Colten Brewer,NYY,0,22,22,1,1,0,0,1,20,10,3,21,9,8.75,3.76,2.33,1.15,0.23,1.31,0.274,73.50%,3.95,4.28,999
596,Luis Frías,CLE,0,34,34,2,2,0,0,1,31,15,4,33,15,8.74,3.99,2.19,1,0.238,1.36,0.291,72.40%,4.03,4.15,999
597,Connor Thomas,MIL,0,54,54,3,3,0,0,6,55,26,6,36,14,5.99,2.34,2.56,1.06,0.259,1.29,0.286,68.50%,4.27,4.27,999
598,Shawn Dubin,HOU,0,33,33,2,2,0,0,1,30,15,4,33,16,9.06,4.36,2.08,0.98,0.236,1.39,0.293,72.50%,4.06,4.17,999
599,Hayden Harris,ATL,0,17,17,1,1,0,0,1,14,7,2,20,8,10.63,4.49,2.37,1.07,0.22,1.34,0.287,74.60%,3.83,4,999
600,Trevor Gott,SEA,0,10,10,1,0,0,0,1,9,4,1,10,3,9.01,3.01,2.99,1.05,0.225,1.19,0.275,74.20%,3.54,3.81,999
